,Find total dollar volume by each person,,,,,,,,,,
Name,Dollar Volume,,,,,Trans Number,Name,Date,Product,Units,Dollars
Emilee,,,,,,1,Betsy,01-04-2004,lip gloss,45, $137.20 
Hallagan,,,,,,2,Hallagan,10-03-2004,foundation,50, $152.01 
Ashley,,,,,,3,Ashley,25-02-2005,lipstick,9, $28.72 
Zaret,,,,,,4,Hallagan,22-05-2006,lip gloss,55, $167.08 
Colleen,,,,,,5,Zaret,17-06-2004,lip gloss,43, $130.60 
Cristina,,,,,,6,Colleen,27-11-2005,eye liner,58, $175.99 
Betsy,,,,,,7,Cristina,21-03-2004,eye liner,8, $25.80 
Jen,,,,,,8,Colleen,17-12-2006,lip gloss,72, $217.84 
Cici,,,,,,9,Ashley,05-07-2006,eye liner,75, $226.64 
,,,,,,10,Betsy,07-08-2006,lip gloss,24, $73.50 
Find the following:,,,,,,11,Ashley,29-11-2004,mascara,43, $130.84 
,,,,,,12,Ashley,18-11-2004,lip gloss,23, $71.03 
Units returned,,,,,,13,Emilee,31-08-2005,lip gloss,49, $149.59 
Total dollars sold 2005 or later,,,,,,14,Hallagan,01-01-2005,eye liner,18, $56.47 
units of lip gloss sold,,,,,,15,Zaret,20-09-2006,foundation,-8, $(21.99)
$s of lip gloss sold,,,,,,16,Emilee,12-04-2004,mascara,45, $137.39 
$s sold not by Jen,211787,,,,,17,Colleen,30-04-2006,mascara,66, $199.65 
,,,,,,18,Jen,31-08-2005,lip gloss,88, $265.19 
,,,,,,19,Jen,27-10-2004,eye liner,78, $236.15 
,,,,,,20,Zaret,27-11-2005,lip gloss,57, $173.12 
,,,,,,21,Zaret,02-06-2006,mascara,12, $38.08 
,,,,,,22,Betsy,24-09-2004,eye liner,28, $86.51 
,,,,,,23,Colleen,01-02-2006,mascara,25, $77.31 
,,,,,,24,Hallagan,02-05-2005,foundation,29, $88.22 
,,,,,,25,Jen,07-11-2004,mascara,-4, $(9.94)
,,,,,,26,Emilee,06-12-2006,lip gloss,24, $74.62 
,,,,,,27,Jen,12-04-2004,lipstick,38, $115.99 
,,,,,,28,Cristina,22-09-2005,foundation,77, $233.05 
,,,,,,29,Betsy,23-10-2006,foundation,77, $233.36 
,,,,,,30,Hallagan,16-11-2005,foundation,60, $182.25 
,,,,,,31,Zaret,11-09-2005,lip gloss,6, $20.48 
,,,,,,32,Cristina,28-03-2006,lip gloss,53, $161.46 
,,,,,,33,Cici,17-06-2004,mascara,41, $125.27 
,,,,,,34,Zaret,09-09-2006,mascara,19, $59.15 
,,,,,,35,Jen,28-12-2006,foundation,39, $119.30 
,,,,,,36,Betsy,13-09-2004,lip gloss,2, $8.26 
,,,,,,37,Zaret,07-07-2005,eye liner,34, $103.44 
,,,,,,38,Emilee,08-03-2005,foundation,59, $179.01 
,,,,,,39,Cici,23-02-2006,foundation,-9, $(24.63)
,,,,,,40,Hallagan,24-06-2006,foundation,38, $115.58 
,,,,,,41,Emilee,06-02-2004,eye liner,25, $76.56 
,,,,,,42,Emilee,10-04-2005,mascara,19, $59.38 
,,,,,,43,Betsy,01-04-2004,foundation,86, $259.86 
,,,,,,44,Colleen,06-06-2004,lip gloss,55, $167.12 
,,,,,,45,Emilee,20-09-2006,lip gloss,2, $7.85 
,,,,,,46,Ashley,09-08-2005,mascara,93, $280.69 
,,,,,,47,Zaret,24-09-2004,eye liner,14, $43.93 
,,,,,,48,Emilee,24-05-2005,eye liner,37, $113.03 
,,,,,,49,Betsy,18-11-2004,foundation,63, $190.70 
,,,,,,50,Zaret,18-11-2004,lip gloss,1, $5.60 
,,,,,,51,Zaret,15-06-2005,eye liner,24, $73.60 
,,,,,,52,Hallagan,04-01-2004,eye liner,83, $250.33 
,,,,,,53,Cici,07-07-2005,eye liner,49, $148.51 
,,,,,,54,Cristina,10-04-2005,lip gloss,26, $80.20 
,,,,,,55,Jen,22-05-2006,lip gloss,35, $107.99 
,,,,,,56,Cristina,12-04-2004,lip gloss,8, $26.91 
,,,,,,57,Cici,28-06-2004,mascara,49, $148.78 
,,,,,,58,Cristina,12-04-2004,foundation,34, $104.09 
,,,,,,59,Cristina,08-12-2005,lip gloss,8, $26.24 
,,,,,,60,Jen,27-10-2004,mascara,89, $269.09 
,,,,,,61,Colleen,16-11-2005,foundation,62, $189.25 
,,,,,,62,Emilee,11-08-2004,foundation,23, $71.31 
,,,,,,63,Cici,17-06-2004,eye liner,95, $287.76 
,,,,,,64,Emilee,11-05-2006,eye liner,41, $125.00 
,,,,,,65,Ashley,10-04-2005,lip gloss,-6, $(15.94)
,,,,,,66,Betsy,01-01-2005,mascara,84, $253.99 
,,,,,,67,Hallagan,05-11-2005,foundation,63, $191.37 
,,,,,,68,Zaret,16-07-2006,lip gloss,0, $2.37 
,,,,,,69,Cristina,23-01-2005,eye liner,73, $221.41 
,,,,,,70,Emilee,21-12-2004,eye liner,95, $287.05 
,,,,,,71,Ashley,16-11-2005,lipstick,93, $280.77 
,,,,,,72,Zaret,17-06-2004,lipstick,54, $163.87 
,,,,,,73,Cristina,26-06-2005,foundation,33, $101.37 
,,,,,,74,Ashley,12-04-2004,mascara,48, $145.84 
,,,,,,75,Jen,23-01-2005,eye liner,-7, $(18.53)
,,,,,,76,Colleen,06-03-2006,foundation,-2, $(3.94)
,,,,,,77,Cristina,15-01-2004,mascara,27, $83.29 
,,,,,,78,Emilee,17-12-2006,foundation,56, $170.24 
,,,,,,79,Cristina,14-02-2005,mascara,70, $212.29 
,,,,,,80,Jen,30-03-2005,mascara,16, $49.46 
,,,,,,81,Jen,10-01-2006,lip gloss,69, $208.69 
,,,,,,82,Colleen,29-07-2005,foundation,67, $203.01 
,,,,,,83,Cici,07-11-2004,foundation,82, $248.10 
,,,,,,84,Ashley,01-10-2006,eye liner,73, $221.48 
,,,,,,85,Cici,17-02-2004,foundation,80, $241.26 
,,,,,,86,Jen,09-08-2005,eye liner,-2, $(4.24)
,,,,,,87,Emilee,31-08-2005,eye liner,5, $17.03 
,,,,,,88,Zaret,19-12-2005,eye liner,26, $80.30 
,,,,,,89,Cici,19-03-2005,foundation,1, $5.01 
,,,,,,90,Cici,13-06-2006,lipstick,-3, $(7.62)
,,,,,,91,Betsy,18-08-2006,eye liner,83, $251.18 
,,,,,,92,Jen,26-05-2004,mascara,33, $100.33 
,,,,,,93,Zaret,12-04-2004,foundation,62, $188.06 
,,,,,,94,Colleen,11-05-2006,eye liner,58, $176.47 
,,,,,,95,Emilee,20-08-2005,foundation,28, $85.54 
,,,,,,96,Jen,17-12-2006,lip gloss,33, $100.69 
,,,,,,97,Cristina,25-11-2006,foundation,92, $278.16 
,,,,,,98,Jen,12-04-2004,lip gloss,92, $277.54 
,,,,,,99,Colleen,21-01-2006,lip gloss,75, $226.74 
,,,,,,100,Betsy,03-10-2005,eye liner,74, $224.23 
,,,,,,101,Zaret,15-01-2004,foundation,67, $202.45 
,,,,,,102,Cristina,11-08-2004,foundation,16, $49.45 
,,,,,,103,Hallagan,13-05-2005,foundation,90, $272.34 
,,,,,,104,Jen,17-03-2006,lipstick,-8, $(22.11)
,,,,,,105,Cristina,13-09-2004,lipstick,51, $155.30 
,,,,,,106,Jen,30-03-2005,foundation,-7, $(19.53)
,,,,,,107,Emilee,21-03-2004,lip gloss,9, $29.28 
,,,,,,108,Cici,31-08-2005,lip gloss,-10, $(28.41)
,,,,,,109,Ashley,16-07-2006,foundation,10, $32.11 
,,,,,,110,Ashley,08-03-2005,mascara,35, $107.59 
,,,,,,111,Cici,05-10-2004,mascara,81, $244.46 
,,,,,,112,Cici,18-11-2004,mascara,38, $115.86 
,,,,,,113,Emilee,06-12-2006,mascara,26, $80.49 
,,,,,,114,Betsy,22-09-2005,lipstick,77, $233.33 
,,,,,,115,Emilee,21-01-2006,foundation,39, $118.63 
,,,,,,116,Zaret,24-06-2006,eye liner,22, $68.07 
,,,,,,117,Zaret,02-06-2006,foundation,68, $205.77 
,,,,,,118,Cici,24-05-2005,foundation,59, $178.71 
,,,,,,119,Colleen,22-05-2006,eye liner,20, $62.37 
,,,,,,120,Hallagan,25-10-2005,mascara,61, $184.56 
,,,,,,121,Zaret,06-03-2006,foundation,30, $92.43 
,,,,,,122,Jen,27-07-2006,mascara,10, $32.30 
,,,,,,123,Zaret,30-04-2006,eye liner,72, $217.45 
,,,,,,124,Ashley,10-01-2006,eye liner,57, $173.36 
,,,,,,125,Hallagan,16-11-2005,lip gloss,41, $124.39 
,,,,,,126,Zaret,23-04-2004,eye liner,54, $163.75 
,,,,,,127,Emilee,07-07-2005,lipstick,9, $29.26 
,,,,,,128,Cici,13-05-2005,lip gloss,1, $5.01 
,,,,,,129,Zaret,12-02-2006,mascara,-10, $(28.89)
,,,,,,130,Ashley,14-11-2006,foundation,-9, $(25.06)
,,,,,,131,Jen,29-11-2004,mascara,56, $168.87 
,,,,,,132,Cici,21-03-2004,lipstick,28, $85.60 
,,,,,,133,Betsy,09-07-2004,mascara,11, $34.42 
,,,,,,134,Cristina,17-12-2006,lip gloss,11, $34.91 
,,,,,,135,Cristina,14-02-2005,eye liner,67, $202.87 
,,,,,,136,Colleen,30-03-2005,lip gloss,10, $31.43 
,,,,,,137,Emilee,27-10-2004,foundation,40, $121.95 
,,,,,,138,Colleen,07-07-2005,mascara,77, $233.08 
,,,,,,139,Betsy,24-05-2005,lipstick,50, $152.04 
,,,,,,140,Jen,28-06-2004,eye liner,80, $242.50 
,,,,,,141,Jen,28-12-2006,eye liner,83, $250.79 
,,,,,,142,Betsy,01-02-2006,lip gloss,-4, $(9.50)
,,,,,,143,Colleen,03-02-2005,foundation,46, $139.76 
,,,,,,144,Ashley,23-10-2006,mascara,55, $167.19 
,,,,,,145,Cici,24-09-2004,mascara,89, $269.40 
,,,,,,146,Emilee,07-07-2005,eye liner,59, $179.12 
,,,,,,147,Emilee,08-03-2005,lipstick,90, $271.75 
,,,,,,148,Ashley,03-11-2006,lipstick,17, $53.67 
,,,,,,149,Cici,08-03-2005,lipstick,37, $113.65 
,,,,,,150,Cristina,17-03-2006,foundation,-4, $(9.42)
,,,,,,151,Emilee,07-07-2005,lip gloss,-8, $(22.38)
,,,,,,152,Zaret,02-09-2004,lipstick,6, $20.32 
,,,,,,153,Cici,16-10-2004,lipstick,63, $191.68 
,,,,,,154,Jen,11-08-2004,lipstick,16, $49.94 
,,,,,,155,Betsy,03-02-2005,mascara,22, $67.81 
,,,,,,156,Emilee,30-12-2005,foundation,81, $244.97 
,,,,,,157,Emilee,11-09-2005,lip gloss,85, $256.56 
,,,,,,158,Jen,15-05-2004,foundation,-3, $(7.08)
,,,,,,159,Emilee,23-01-2005,lip gloss,51, $154.49 
,,,,,,160,Cici,01-01-2005,lip gloss,72, $217.42 
,,,,,,161,Cristina,17-02-2004,lip gloss,46, $139.93 
,,,,,,162,Hallagan,25-02-2005,mascara,-10, $(28.00)
,,,,,,163,Cici,09-08-2005,foundation,-5, $(12.20)
,,,,,,164,Hallagan,12-10-2006,eye liner,16, $49.92 
,,,,,,165,Hallagan,19-12-2005,foundation,25, $76.99 
,,,,,,166,Emilee,30-03-2005,eye liner,49, $148.91 
,,,,,,167,Betsy,21-03-2004,lip gloss,21, $64.33 
,,,,,,168,Cristina,22-05-2006,lip gloss,29, $88.98 
,,,,,,169,Ashley,17-02-2004,lip gloss,63, $191.11 
,,,,,,170,Jen,13-06-2006,lip gloss,21, $64.60 
,,,,,,171,Betsy,14-10-2005,foundation,93, $280.17 
,,,,,,172,Colleen,28-02-2004,foundation,55, $167.55 
,,,,,,173,Emilee,16-07-2006,foundation,14, $43.90 
,,,,,,174,Jen,10-03-2004,lipstick,91, $275.24 
,,,,,,175,Emilee,23-04-2004,eye liner,80, $242.45 
,,,,,,176,Betsy,27-11-2005,eye liner,70, $211.76 
,,,,,,177,Cici,20-07-2004,mascara,54, $164.30 
,,,,,,178,Ashley,19-12-2005,mascara,19, $58.36 
,,,,,,179,Hallagan,22-09-2005,foundation,38, $115.83 
,,,,,,180,Colleen,26-05-2004,lipstick,60, $182.02 
,,,,,,181,Hallagan,14-10-2005,lipstick,51, $155.74 
,,,,,,182,Ashley,04-05-2004,lip gloss,78, $236.14 
,,,,,,183,Hallagan,29-11-2004,foundation,17, $52.47 
,,,,,,184,Jen,22-08-2004,eye liner,13, $40.81 
,,,,,,185,Emilee,07-07-2005,mascara,2, $8.04 
,,,,,,186,Betsy,25-11-2006,mascara,74, $223.88 
,,,,,,187,Colleen,17-03-2006,foundation,57, $172.92 
,,,,,,188,Jen,04-05-2004,mascara,79, $239.34 
,,,,,,189,Colleen,15-06-2005,foundation,82, $247.46 
,,,,,,190,Cici,01-10-2006,lip gloss,28, $85.96 
,,,,,,191,Jen,06-02-2004,mascara,63, $191.03 
,,,,,,192,Cristina,03-10-2005,foundation,72, $217.59 
,,,,,,193,Cristina,10-01-2006,lipstick,68, $205.93 
,,,,,,194,Emilee,21-01-2006,eye liner,8, $26.14 
,,,,,,195,Hallagan,10-12-2004,lipstick,62, $188.52 
,,,,,,196,Jen,19-03-2005,eye liner,5, $16.35 
,,,,,,197,Colleen,06-02-2004,mascara,-5, $(12.90)
,,,,,,198,Colleen,22-05-2006,mascara,-4, $(10.00)
,,,,,,199,Cristina,25-11-2006,mascara,81, $244.68 
,,,,,,200,Cristina,17-03-2006,eye liner,21, $64.74 
,,,,,,201,Cici,26-06-2005,eye liner,21, $64.86 
,,,,,,202,Hallagan,30-12-2005,foundation,-3, $(7.15)
,,,,,,203,Cici,28-12-2006,lip gloss,57, $173.64 
,,,,,,204,Cici,18-08-2006,lip gloss,86, $259.31 
,,,,,,205,Jen,19-04-2006,foundation,14, $44.14 
,,,,,,206,Hallagan,06-12-2006,lipstick,20, $61.96 
,,,,,,207,Colleen,06-02-2004,mascara,60, $181.94 
,,,,,,208,Jen,05-07-2006,eye liner,45, $137.16 
,,,,,,209,Jen,01-04-2004,eye liner,7, $23.00 
,,,,,,210,Betsy,06-03-2006,lip gloss,-6, $(16.33)
,,,,,,211,Jen,30-04-2006,lip gloss,35, $106.90 
,,,,,,212,Colleen,11-05-2006,foundation,31, $95.13 
,,,,,,213,Jen,16-11-2005,lip gloss,19, $59.08 
,,,,,,214,Zaret,12-02-2006,eye liner,35, $106.64 
,,,,,,215,Betsy,01-01-2005,lipstick,51, $154.60 
,,,,,,216,Hallagan,23-02-2006,mascara,1, $5.39 
,,,,,,217,Cici,24-09-2004,foundation,67, $203.36 
,,,,,,218,Cici,30-03-2005,mascara,23, $71.41 
,,,,,,219,Colleen,03-02-2005,foundation,41, $125.23 
,,,,,,220,Ashley,15-01-2004,mascara,27, $83.20 
,,,,,,221,Cristina,20-09-2006,foundation,56, $170.18 
,,,,,,222,Ashley,20-07-2004,mascara,67, $203.35 
,,,,,,223,Betsy,13-09-2004,foundation,94, $283.74 
,,,,,,224,Cristina,05-10-2004,eye liner,52, $158.30 
,,,,,,225,Zaret,06-02-2004,lipstick,24, $74.24 
,,,,,,226,Jen,06-06-2004,lip gloss,-1, $(0.92)
,,,,,,227,Hallagan,21-01-2006,eye liner,37, $112.52 
,,,,,,228,Betsy,23-02-2006,foundation,63, $191.45 
,,,,,,229,Cici,12-04-2004,lip gloss,13, $41.01 
,,,,,,230,Hallagan,25-11-2006,lip gloss,7, $22.33 
,,,,,,231,Zaret,21-03-2004,lip gloss,64, $193.84 
,,,,,,232,Ashley,06-06-2004,lip gloss,63, $190.91 
,,,,,,233,Emilee,11-08-2004,mascara,57, $173.59 
,,,,,,234,Emilee,07-11-2004,mascara,59, $178.93 
,,,,,,235,Jen,21-12-2004,foundation,-3, $(7.26)
,,,,,,236,Cici,01-10-2006,lip gloss,86, $260.33 
,,,,,,237,Cristina,24-09-2004,eye liner,-4, $(9.99)
,,,,,,238,Ashley,01-01-2005,lip gloss,7, $23.65 
,,,,,,239,Cici,01-10-2006,lip gloss,43, $131.68 
,,,,,,240,Emilee,05-11-2005,lip gloss,2, $7.63 
,,,,,,241,Emilee,02-05-2005,mascara,85, $256.88 
,,,,,,242,Emilee,21-04-2005,eye liner,52, $158.19 
,,,,,,243,Colleen,09-07-2004,lipstick,-3, $(7.40)
,,,,,,244,Cristina,25-02-2005,eye liner,8, $25.55 
,,,,,,245,Cici,09-07-2004,mascara,5, $17.20 
,,,,,,246,Hallagan,29-08-2006,mascara,90, $272.10 
,,,,,,247,Betsy,14-11-2006,mascara,36, $110.34 
,,,,,,248,Zaret,20-08-2005,mascara,25, $77.01 
,,,,,,249,Betsy,19-03-2005,mascara,7, $23.13 
,,,,,,250,Colleen,03-11-2006,mascara,64, $194.25 
,,,,,,251,Colleen,04-05-2004,mascara,71, $215.49 
,,,,,,252,Ashley,10-04-2005,eye liner,41, $124.81 
,,,,,,253,Ashley,24-09-2004,foundation,84, $253.29 
,,,,,,254,Emilee,30-03-2005,eye liner,3, $10.70 
,,,,,,255,Ashley,01-04-2004,foundation,15, $46.76 
,,,,,,256,Hallagan,06-02-2004,eye liner,1, $4.88 
,,,,,,257,Hallagan,07-07-2005,mascara,10, $32.47 
,,,,,,258,Emilee,12-01-2005,eye liner,77, $233.40 
,,,,,,259,Colleen,14-02-2005,lipstick,65, $196.49 
,,,,,,260,Zaret,15-01-2004,eye liner,25, $77.33 
,,,,,,261,Cici,16-07-2006,mascara,-1, $(1.93)
,,,,,,262,Jen,29-08-2006,foundation,2, $7.97 
,,,,,,263,Zaret,03-11-2006,lip gloss,62, $187.62 
,,,,,,264,Colleen,13-05-2005,foundation,28, $86.79 
,,,,,,265,Hallagan,18-07-2005,eye liner,55, $167.05 
,,,,,,266,Colleen,15-06-2005,lip gloss,28, $86.64 
,,,,,,267,Cristina,29-07-2005,foundation,5, $16.67 
,,,,,,268,Cristina,07-11-2004,eye liner,1, $4.77 
,,,,,,269,Cristina,15-06-2005,foundation,26, $80.01 
,,,,,,270,Zaret,06-06-2004,foundation,47, $142.85 
,,,,,,271,Hallagan,02-05-2005,eye liner,74, $224.75 
,,,,,,272,Cici,11-05-2006,lip gloss,22, $68.71 
,,,,,,273,Ashley,24-06-2006,lipstick,70, $212.26 
,,,,,,274,Cici,27-11-2005,foundation,83, $251.31 
,,,,,,275,Hallagan,08-12-2005,eye liner,59, $179.39 
,,,,,,276,Cici,09-08-2005,mascara,0, $1.58 
,,,,,,277,Hallagan,12-01-2005,eye liner,82, $247.58 
,,,,,,278,Betsy,08-03-2005,eye liner,29, $89.05 
,,,,,,279,Cici,15-05-2004,foundation,63, $191.09 
,,,,,,280,Jen,01-10-2006,lip gloss,67, $203.11 
,,,,,,281,Cristina,29-07-2005,eye liner,3, $10.78 
,,,,,,282,Hallagan,10-12-2004,eye liner,65, $197.41 
,,,,,,283,Emilee,26-05-2004,lipstick,75, $227.46 
,,,,,,284,Emilee,22-08-2004,lip gloss,79, $239.90 
,,,,,,285,Jen,18-08-2006,mascara,-5, $(12.92)
,,,,,,286,Jen,30-03-2005,foundation,31, $95.51 
,,,,,,287,Ashley,17-12-2006,mascara,21, $65.34 
,,,,,,288,Ashley,11-09-2005,lipstick,-8, $(21.91)
,,,,,,289,Jen,07-07-2005,lipstick,88, $266.05 
,,,,,,290,Emilee,16-11-2005,foundation,94, $283.85 
,,,,,,291,Zaret,01-10-2006,mascara,83, $251.50 
,,,,,,292,Ashley,11-08-2004,mascara,16, $49.96 
,,,,,,293,Betsy,07-08-2006,mascara,33, $100.52 
,,,,,,294,Betsy,28-02-2004,eye liner,-1, $(0.91)
,,,,,,295,Betsy,27-07-2006,mascara,94, $284.14 
,,,,,,296,Jen,21-04-2005,foundation,76, $230.26 
,,,,,,297,Betsy,06-03-2006,foundation,71, $215.16 
,,,,,,298,Zaret,26-05-2004,lipstick,56, $169.19 
,,,,,,299,Hallagan,31-08-2005,lip gloss,81, $245.59 
,,,,,,300,Zaret,28-06-2004,eye liner,3, $11.16 
,,,,,,301,Zaret,21-04-2005,lip gloss,60, $182.21 
,,,,,,302,Jen,23-10-2006,foundation,81, $245.54 
,,,,,,303,Colleen,04-05-2004,foundation,70, $211.43 
,,,,,,304,Cici,22-05-2006,mascara,18, $56.27 
,,,,,,305,Hallagan,14-02-2005,lipstick,73, $221.17 
,,,,,,306,Zaret,25-02-2005,foundation,-7, $(18.78)
,,,,,,307,Zaret,20-08-2005,foundation,55, $166.61 
,,,,,,308,Cici,15-05-2004,lip gloss,7, $23.39 
,,,,,,309,Cici,18-11-2004,eye liner,63, $191.45 
,,,,,,310,Zaret,07-07-2005,lip gloss,83, $251.63 
,,,,,,311,Betsy,28-02-2004,lip gloss,43, $130.97 
,,,,,,312,Zaret,31-07-2004,eye liner,67, $203.30 
,,,,,,313,Colleen,30-12-2005,eye liner,-9, $(24.97)
,,,,,,314,Cici,28-06-2004,foundation,-1, $(1.48)
,,,,,,315,Betsy,12-01-2005,foundation,21, $65.20 
,,,,,,316,Cristina,05-11-2005,mascara,6, $20.10 
,,,,,,317,Cristina,15-01-2004,eye liner,0, $1.61 
,,,,,,318,Jen,16-10-2004,eye liner,20, $61.99 
,,,,,,319,Ashley,07-11-2004,foundation,70, $212.50 
,,,,,,320,Jen,15-05-2004,eye liner,94, $283.88 
,,,,,,321,Hallagan,16-10-2004,lip gloss,9, $28.83 
,,,,,,322,Jen,26-06-2005,mascara,27, $83.64 
,,,,,,323,Colleen,17-03-2006,lipstick,43, $130.95 
,,,,,,324,Emilee,20-09-2006,foundation,84, $254.39 
,,,,,,325,Hallagan,06-06-2004,eye liner,83, $251.63 
,,,,,,326,Hallagan,11-08-2004,lipstick,89, $268.67 
,,,,,,327,Emilee,12-10-2006,lip gloss,7, $22.67 
,,,,,,328,Hallagan,09-07-2004,foundation,68, $205.76 
,,,,,,329,Emilee,14-10-2005,eye liner,38, $116.14 
,,,,,,330,Cici,26-01-2004,eye liner,90, $271.33 
,,,,,,331,Cici,11-08-2004,eye liner,10, $31.74 
,,,,,,332,Cristina,03-11-2006,foundation,13, $40.18 
,,,,,,333,Jen,17-06-2004,lip gloss,68, $206.38 
,,,,,,334,Zaret,06-06-2004,foundation,40, $122.17 
,,,,,,335,Jen,04-06-2005,foundation,17, $52.58 
,,,,,,336,Cristina,29-11-2004,foundation,6, $19.23 
,,,,,,337,Cristina,11-05-2006,foundation,27, $83.79 
,,,,,,338,Zaret,27-07-2006,foundation,80, $242.19 
,,,,,,339,Colleen,11-08-2004,mascara,-1, $(0.93)
,,,,,,340,Hallagan,28-03-2006,mascara,89, $269.26 
,,,,,,341,Hallagan,30-03-2005,eye liner,21, $65.22 
,,,,,,342,Cristina,17-12-2006,lip gloss,37, $113.12 
,,,,,,343,Colleen,14-02-2005,lipstick,15, $46.64 
,,,,,,344,Ashley,26-05-2004,mascara,94, $283.62 
,,,,,,345,Cici,18-07-2005,mascara,85, $257.29 
,,,,,,346,Colleen,18-11-2004,lip gloss,95, $286.86 
,,,,,,347,Emilee,24-05-2005,lipstick,25, $76.37 
,,,,,,348,Hallagan,19-04-2006,mascara,69, $208.61 
,,,,,,349,Jen,31-08-2005,foundation,72, $218.67 
,,,,,,350,Zaret,12-02-2006,lipstick,-4, $(9.50)
,,,,,,351,Colleen,26-06-2005,lipstick,21, $64.85 
,,,,,,352,Colleen,12-01-2005,eye liner,85, $256.97 
,,,,,,353,Emilee,11-09-2005,eye liner,85, $257.10 
,,,,,,354,Ashley,14-10-2005,lip gloss,79, $239.76 
,,,,,,355,Jen,09-09-2006,lip gloss,81, $245.01 
,,,,,,356,Ashley,29-08-2006,eye liner,76, $229.58 
,,,,,,357,Ashley,15-06-2005,lip gloss,31, $95.41 
,,,,,,358,Zaret,22-09-2005,eye liner,44, $133.84 
,,,,,,359,Betsy,17-12-2006,lipstick,44, $133.91 
,,,,,,360,Cristina,26-05-2004,mascara,70, $211.69 
,,,,,,361,Cristina,29-11-2004,foundation,-4, $(9.45)
,,,,,,362,Jen,16-11-2005,lip gloss,28, $86.33 
,,,,,,363,Ashley,12-10-2006,mascara,83, $250.61 
,,,,,,364,Cici,05-07-2006,lip gloss,46, $140.48 
,,,,,,365,Jen,22-05-2006,lip gloss,88, $266.35 
,,,,,,366,Emilee,14-10-2005,lip gloss,-9, $(24.54)
,,,,,,367,Hallagan,09-08-2005,foundation,-8, $(21.83)
,,,,,,368,Colleen,05-07-2006,foundation,37, $113.01 
,,,,,,369,Hallagan,28-02-2004,foundation,20, $61.68 
,,,,,,370,Cristina,11-09-2005,lip gloss,2, $7.75 
,,,,,,371,Ashley,20-08-2005,eye liner,36, $110.59 
,,,,,,372,Ashley,03-10-2005,mascara,34, $103.89 
,,,,,,373,Cici,30-04-2006,eye liner,84, $253.89 
,,,,,,374,Hallagan,18-08-2006,mascara,89, $268.48 
,,,,,,375,Zaret,01-02-2006,lip gloss,31, $95.68 
,,,,,,376,Cici,21-03-2004,lip gloss,7, $22.55 
,,,,,,377,Hallagan,06-02-2004,lip gloss,7, $22.94 
,,,,,,378,Emilee,23-02-2006,eye liner,76, $229.89 
,,,,,,379,Zaret,31-07-2004,foundation,6, $19.56 
,,,,,,380,Cristina,23-10-2006,lip gloss,43, $130.29 
,,,,,,381,Cici,15-01-2004,mascara,20, $62.18 
,,,,,,382,Zaret,17-03-2006,lipstick,11, $35.08 
,,,,,,383,Jen,26-06-2005,eye liner,35, $107.05 
,,,,,,384,Emilee,17-03-2006,foundation,72, $218.15 
,,,,,,385,Cici,26-05-2004,foundation,49, $148.93 
,,,,,,386,Jen,06-03-2006,foundation,88, $266.65 
,,,,,,387,Ashley,28-03-2006,foundation,45, $136.01 
,,,,,,388,Ashley,21-03-2004,lip gloss,37, $112.93 
,,,,,,389,Colleen,10-04-2005,lip gloss,12, $38.62 
,,,,,,390,Jen,15-05-2004,mascara,18, $55.93 
,,,,,,391,Hallagan,21-01-2006,lip gloss,75, $227.00 
,,,,,,392,Jen,25-02-2005,foundation,8, $26.31 
,,,,,,393,Betsy,01-04-2004,lip gloss,37, $112.54 
,,,,,,394,Ashley,21-12-2004,lip gloss,-6, $(16.41)
,,,,,,395,Betsy,15-05-2004,lipstick,56, $169.28 
,,,,,,396,Jen,10-12-2004,eye liner,53, $161.33 
,,,,,,397,Cristina,26-05-2004,lip gloss,62, $187.72 
,,,,,,398,Ashley,30-03-2005,mascara,90, $271.31 
,,,,,,399,Ashley,15-01-2004,eye liner,30, $92.29 
,,,,,,400,Colleen,14-02-2005,foundation,36, $110.39 
,,,,,,401,Cristina,08-03-2005,eye liner,76, $230.12 
,,,,,,402,Emilee,10-04-2005,lip gloss,-4, $(10.05)
,,,,,,403,Colleen,10-12-2004,lipstick,26, $80.07 
,,,,,,404,Cristina,13-05-2005,lip gloss,-5, $(12.80)
,,,,,,405,Zaret,04-05-2004,foundation,44, $133.92 
,,,,,,406,Colleen,17-02-2004,mascara,91, $274.81 
,,,,,,407,Emilee,10-03-2004,lip gloss,78, $235.99 
,,,,,,408,Jen,22-05-2006,lip gloss,69, $208.59 
,,,,,,409,Betsy,16-10-2004,mascara,74, $224.04 
,,,,,,410,Zaret,29-07-2005,foundation,71, $215.12 
,,,,,,411,Betsy,09-09-2006,lipstick,34, $103.85 
,,,,,,412,Jen,04-06-2005,mascara,93, $281.17 
,,,,,,413,Hallagan,25-02-2005,foundation,60, $182.61 
,,,,,,414,Cici,23-04-2004,foundation,37, $112.43 
,,,,,,415,Jen,28-06-2004,eye liner,26, $79.91 
,,,,,,416,Zaret,07-07-2005,eye liner,2, $8.54 
,,,,,,417,Cristina,03-10-2005,foundation,-9, $(25.92)
,,,,,,418,Betsy,23-02-2006,foundation,46, $139.69 
,,,,,,419,Cristina,10-03-2004,mascara,0, $2.35 
,,,,,,420,Hallagan,29-11-2004,foundation,79, $239.22 
,,,,,,421,Ashley,12-01-2005,foundation,48, $146.51 
,,,,,,422,Zaret,21-01-2006,eye liner,77, $233.08 
,,,,,,423,Jen,12-02-2006,foundation,-10, $(26.97)
,,,,,,424,Betsy,09-08-2005,lipstick,45, $137.23 
,,,,,,425,Colleen,23-01-2005,foundation,17, $53.57 
,,,,,,426,Jen,20-08-2005,eye liner,-4, $(10.36)
,,,,,,427,Zaret,17-12-2006,mascara,43, $130.80 
,,,,,,428,Colleen,05-10-2004,eye liner,41, $125.19 
,,,,,,429,Jen,24-06-2006,lipstick,-4, $(9.88)
,,,,,,430,Emilee,13-09-2004,foundation,6, $20.39 
,,,,,,431,Ashley,11-05-2006,foundation,8, $25.12 
,,,,,,432,Hallagan,09-07-2004,eye liner,43, $131.20 
,,,,,,433,Betsy,06-06-2004,eye liner,47, $142.67 
,,,,,,434,Hallagan,18-08-2006,lip gloss,13, $41.34 
,,,,,,435,Jen,01-02-2006,foundation,9, $28.80 
,,,,,,436,Betsy,28-02-2004,eye liner,22, $67.51 
,,,,,,437,Zaret,17-03-2006,eye liner,87, $263.07 
,,,,,,438,Cristina,23-10-2006,foundation,15, $46.30 
,,,,,,439,Cici,23-10-2006,eye liner,27, $83.41 
,,,,,,440,Colleen,30-04-2006,lipstick,78, $236.44 
,,,,,,441,Cici,19-03-2005,mascara,27, $83.00 
,,,,,,442,Cici,26-01-2004,foundation,19, $59.62 
,,,,,,443,Ashley,17-02-2004,mascara,0, $2.37 
,,,,,,444,Betsy,10-12-2004,eye liner,30, $91.97 
,,,,,,445,Cristina,07-08-2006,lipstick,17, $52.94 
,,,,,,446,Hallagan,04-06-2005,lip gloss,36, $109.95 
,,,,,,447,Hallagan,21-01-2006,foundation,-4, $(10.24)
,,,,,,448,Cici,15-01-2004,mascara,4, $14.17 
,,,,,,449,Ashley,06-06-2004,eye liner,81, $244.97 
,,,,,,450,Cristina,21-12-2004,eye liner,87, $263.83 
,,,,,,451,Betsy,06-02-2004,eye liner,13, $40.51 
,,,,,,452,Zaret,04-05-2004,lip gloss,48, $145.85 
,,,,,,453,Betsy,03-10-2005,lipstick,2, $7.10 
,,,,,,454,Jen,17-06-2004,lip gloss,32, $98.37 
,,,,,,455,Ashley,31-08-2005,lip gloss,13, $41.17 
,,,,,,456,Cici,01-10-2006,mascara,94, $283.45 
,,,,,,457,Jen,06-03-2006,mascara,63, $190.84 
,,,,,,458,Zaret,13-06-2006,foundation,45, $136.98 
,,,,,,459,Colleen,10-04-2005,mascara,71, $214.77 
,,,,,,460,Colleen,23-04-2004,mascara,74, $224.18 
,,,,,,461,Ashley,26-01-2004,mascara,48, $145.65 
,,,,,,462,Cristina,28-02-2004,lip gloss,63, $191.19 
,,,,,,463,Colleen,21-04-2005,lip gloss,48, $145.69 
,,,,,,464,Hallagan,29-08-2006,mascara,26, $80.61 
,,,,,,465,Ashley,13-06-2006,eye liner,58, $176.27 
,,,,,,466,Zaret,12-02-2006,lip gloss,2, $8.75 
,,,,,,467,Colleen,07-08-2006,lip gloss,36, $109.68 
,,,,,,468,Cici,26-06-2005,mascara,22, $68.36 
,,,,,,469,Cici,09-08-2005,lip gloss,92, $277.67 
,,,,,,470,Betsy,05-10-2004,foundation,29, $88.71 
,,,,,,471,Ashley,12-10-2006,lip gloss,42, $128.17 
,,,,,,472,Cristina,23-04-2004,lip gloss,25, $77.32 
,,,,,,473,Colleen,19-03-2005,foundation,40, $122.54 
,,,,,,474,Cici,04-05-2004,lip gloss,3, $10.57 
,,,,,,475,Betsy,18-07-2005,foundation,-1, $(0.82)
,,,,,,476,Ashley,09-09-2006,foundation,12, $37.69 
,,,,,,477,Cici,17-06-2004,eye liner,0, $2.00 
,,,,,,478,Hallagan,12-02-2006,lip gloss,35, $106.26 
,,,,,,479,Emilee,24-05-2005,foundation,2, $7.68 
,,,,,,480,Zaret,22-05-2006,lipstick,10, $31.79 
,,,,,,481,Jen,14-10-2005,eye liner,6, $19.73 
,,,,,,482,Jen,10-03-2004,lip gloss,4, $14.10 
,,,,,,483,Cici,12-10-2006,mascara,91, $274.92 
,,,,,,484,Jen,05-07-2006,lip gloss,12, $37.88 
,,,,,,485,Zaret,07-11-2004,foundation,21, $65.28 
,,,,,,486,Jen,30-03-2005,mascara,44, $134.31 
,,,,,,487,Betsy,23-01-2005,eye liner,75, $227.10 
,,,,,,488,Betsy,20-07-2004,eye liner,37, $113.00 
,,,,,,489,Zaret,27-07-2006,eye liner,58, $176.07 
,,,,,,490,Jen,12-02-2006,eye liner,74, $223.61 
,,,,,,491,Hallagan,06-06-2004,foundation,64, $193.55 
,,,,,,492,Betsy,27-11-2005,lipstick,53, $160.46 
,,,,,,493,Ashley,23-04-2004,eye liner,-1, $(0.45)
,,,,,,494,Ashley,06-03-2006,mascara,21, $65.07 
,,,,,,495,Jen,23-02-2006,mascara,90, $271.34 
,,,,,,496,Jen,25-10-2005,lipstick,61, $184.83 
,,,,,,497,Betsy,13-05-2005,mascara,64, $193.98 
,,,,,,498,Zaret,06-03-2006,eye liner,79, $238.61 
,,,,,,499,Zaret,11-05-2006,foundation,11, $34.58 
,,,,,,500,Colleen,13-06-2006,mascara,17, $52.99 
,,,,,,501,Colleen,12-10-2006,lip gloss,-10, $(28.51)
,,,,,,502,Cristina,04-05-2004,mascara,61, $185.38 
,,,,,,503,Ashley,07-07-2005,eye liner,81, $245.19 
,,,,,,504,Colleen,21-12-2004,mascara,86, $259.65 
,,,,,,505,Cristina,28-06-2004,eye liner,-6, $(16.60)
,,,,,,506,Jen,22-09-2005,lipstick,75, $226.29 
,,,,,,507,Zaret,18-07-2005,mascara,87, $262.50 
,,,,,,508,Cici,16-07-2006,foundation,15, $47.14 
,,,,,,509,Jen,19-03-2005,lipstick,6, $20.04 
,,,,,,510,Zaret,28-02-2004,eye liner,4, $14.01 
,,,,,,511,Jen,08-04-2006,eye liner,56, $169.25 
,,,,,,512,Betsy,04-05-2004,foundation,76, $230.18 
,,,,,,513,Hallagan,07-07-2005,lipstick,27, $82.60 
,,,,,,514,Betsy,19-12-2005,foundation,58, $175.77 
,,,,,,515,Jen,17-02-2004,lipstick,67, $202.62 
,,,,,,516,Colleen,11-09-2005,lip gloss,79, $238.79 
,,,,,,517,Cristina,13-09-2004,mascara,38, $116.69 
,,,,,,518,Betsy,01-04-2004,mascara,4, $13.64 
,,,,,,519,Zaret,17-03-2006,eye liner,45, $137.07 
,,,,,,520,Betsy,15-05-2004,foundation,10, $32.19 
,,,,,,521,Hallagan,05-11-2005,foundation,86, $260.40 
,,,,,,522,Cici,11-05-2006,foundation,75, $226.71 
,,,,,,523,Emilee,19-03-2005,eye liner,77, $232.50 
,,,,,,524,Emilee,21-03-2004,eye liner,10, $31.82 
,,,,,,525,Cristina,05-10-2004,foundation,62, $188.38 
,,,,,,526,Betsy,26-01-2004,lip gloss,73, $221.29 
,,,,,,527,Jen,15-01-2004,foundation,62, $187.23 
,,,,,,528,Zaret,24-06-2006,mascara,11, $35.72 
,,,,,,529,Hallagan,19-12-2005,mascara,28, $86.08 
,,,,,,530,Hallagan,22-08-2004,mascara,57, $172.36 
,,,,,,531,Cici,10-12-2004,eye liner,34, $103.49 
,,,,,,532,Jen,14-10-2005,eye liner,89, $267.86 
,,,,,,533,Hallagan,24-09-2004,lip gloss,32, $97.89 
,,,,,,534,Zaret,25-11-2006,eye liner,38, $116.04 
,,,,,,535,Cristina,20-08-2005,lip gloss,82, $248.05 
,,,,,,536,Jen,26-05-2004,foundation,29, $89.29 
,,,,,,537,Emilee,01-10-2006,lipstick,17, $52.25 
,,,,,,538,Hallagan,11-08-2004,eye liner,50, $151.87 
,,,,,,539,Colleen,01-04-2004,lipstick,7, $22.96 
,,,,,,540,Ashley,19-03-2005,lip gloss,50, $151.36 
,,,,,,541,Cristina,25-02-2005,lipstick,20, $61.88 
,,,,,,542,Jen,25-02-2005,foundation,37, $112.83 
,,,,,,543,Zaret,02-09-2004,mascara,58, $176.61 
,,,,,,544,Colleen,21-01-2006,foundation,25, $76.92 
,,,,,,545,Hallagan,01-04-2004,eye liner,34, $103.18 
,,,,,,546,Betsy,23-10-2006,foundation,3, $11.58 
,,,,,,547,Betsy,01-10-2006,lipstick,63, $190.59 
,,,,,,548,Betsy,10-01-2006,eye liner,44, $133.62 
,,,,,,549,Cici,12-04-2004,eye liner,87, $263.16 
,,,,,,550,Jen,25-02-2005,lipstick,4, $14.19 
,,,,,,551,Ashley,19-04-2006,foundation,93, $281.17 
,,,,,,552,Cristina,29-11-2004,lipstick,10, $32.07 
,,,,,,553,Zaret,17-12-2006,mascara,19, $58.97 
,,,,,,554,Hallagan,18-07-2005,eye liner,30, $92.53 
,,,,,,555,Ashley,14-11-2006,mascara,-1, $(1.28)
,,,,,,556,Jen,30-04-2006,eye liner,46, $139.41 
,,,,,,557,Cristina,02-09-2004,foundation,44, $133.51 
,,,,,,558,Betsy,27-10-2004,eye liner,47, $143.21 
,,,,,,559,Jen,09-09-2006,eye liner,86, $260.39 
,,,,,,560,Jen,27-07-2006,foundation,76, $229.96 
,,,,,,561,Zaret,01-04-2004,mascara,55, $166.99 
,,,,,,562,Ashley,26-05-2004,eye liner,-1, $(0.79)
,,,,,,563,Ashley,20-07-2004,mascara,62, $187.63 
,,,,,,564,Ashley,26-01-2004,foundation,73, $220.97 
,,,,,,565,Hallagan,07-11-2004,lipstick,12, $38.44 
,,,,,,566,Emilee,22-08-2004,mascara,0, $1.60 
,,,,,,567,Cici,18-08-2006,eye liner,23, $71.40 
,,,,,,568,Cici,23-01-2005,eye liner,73, $220.81 
,,,,,,569,Jen,04-06-2005,lip gloss,73, $221.78 
,,,,,,570,Emilee,19-03-2005,foundation,43, $131.06 
,,,,,,571,Hallagan,27-07-2006,lipstick,60, $182.29 
,,,,,,572,Emilee,06-12-2006,lip gloss,40, $121.87 
,,,,,,573,Jen,29-07-2005,lip gloss,-7, $(18.92)
,,,,,,574,Betsy,24-09-2004,foundation,39, $118.37 
,,,,,,575,Colleen,01-01-2005,mascara,84, $253.79 
,,,,,,576,Jen,30-04-2006,lipstick,92, $277.81 
,,,,,,577,Hallagan,03-10-2005,mascara,68, $206.08 
,,,,,,578,Hallagan,07-11-2004,lip gloss,7, $23.19 
,,,,,,579,Zaret,12-10-2006,eye liner,-9, $(24.84)
,,,,,,580,Cici,14-10-2005,mascara,51, $154.40 
,,,,,,581,Hallagan,27-11-2005,lip gloss,59, $178.90 
,,,,,,582,Cristina,05-11-2005,mascara,64, $194.44 
,,,,,,583,Cici,16-11-2005,lip gloss,0, $2.52 
,,,,,,584,Jen,14-02-2005,mascara,81, $243.82 
,,,,,,585,Emilee,10-04-2005,lipstick,93, $280.80 
,,,,,,586,Cici,01-02-2006,lip gloss,20, $61.97 
,,,,,,587,Ashley,04-06-2005,eye liner,39, $119.91 
,,,,,,588,Cristina,27-10-2004,foundation,6, $20.02 
,,,,,,589,Cristina,17-02-2004,foundation,34, $103.68 
,,,,,,590,Hallagan,01-02-2006,lip gloss,33, $101.31 
,,,,,,591,Ashley,15-01-2004,lipstick,-10, $(28.46)
,,,,,,592,Cici,07-08-2006,eye liner,47, $141.97 
,,,,,,593,Emilee,15-01-2004,foundation,94, $284.61 
,,,,,,594,Hallagan,02-06-2006,foundation,92, $278.23 
,,,,,,595,Colleen,12-01-2005,lip gloss,68, $205.96 
,,,,,,596,Jen,21-03-2004,lip gloss,37, $112.85 
,,,,,,597,Emilee,20-07-2004,eye liner,78, $235.37 
,,,,,,598,Hallagan,06-12-2006,eye liner,14, $43.76 
,,,,,,599,Cici,03-11-2006,foundation,33, $100.55 
,,,,,,600,Emilee,17-06-2004,eye liner,64, $194.18 
,,,,,,601,Zaret,07-08-2006,lip gloss,6, $20.23 
,,,,,,602,Cici,02-06-2006,lipstick,65, $197.49 
,,,,,,603,Betsy,15-01-2004,mascara,24, $74.28 
,,,,,,604,Colleen,19-12-2005,lipstick,89, $269.01 
,,,,,,605,Colleen,03-10-2005,mascara,94, $284.25 
,,,,,,606,Zaret,08-12-2005,foundation,67, $203.71 
,,,,,,607,Colleen,11-08-2004,mascara,7, $23.43 
,,,,,,608,Colleen,24-09-2004,foundation,58, $176.00 
,,,,,,609,Jen,17-06-2004,mascara,77, $232.67 
,,,,,,610,Zaret,11-09-2005,eye liner,50, $151.12 
,,,,,,611,Betsy,07-08-2006,lip gloss,10, $32.14 
,,,,,,612,Hallagan,31-08-2005,mascara,2, $7.78 
,,,,,,613,Ashley,27-07-2006,mascara,17, $53.69 
,,,,,,614,Cristina,02-05-2005,mascara,90, $272.41 
,,,,,,615,Hallagan,25-11-2006,foundation,58, $175.59 
,,,,,,616,Cristina,21-01-2006,mascara,66, $199.93 
,,,,,,617,Jen,28-06-2004,eye liner,6, $20.24 
,,,,,,618,Colleen,19-04-2006,lip gloss,90, $272.59 
,,,,,,619,Colleen,22-05-2006,lip gloss,38, $115.86 
,,,,,,620,Cristina,05-10-2004,mascara,3, $10.91 
,,,,,,621,Emilee,12-04-2004,foundation,-4, $(10.39)
,,,,,,622,Ashley,17-06-2004,eye liner,8, $25.90 
,,,,,,623,Colleen,01-04-2004,mascara,-8, $(22.23)
,,,,,,624,Hallagan,24-09-2004,mascara,72, $218.69 
,,,,,,625,Jen,21-01-2006,eye liner,83, $250.67 
,,,,,,626,Zaret,02-06-2006,foundation,12, $38.98 
,,,,,,627,Colleen,22-05-2006,foundation,-8, $(21.53)
,,,,,,628,Betsy,12-02-2006,eye liner,22, $68.13 
,,,,,,629,Cristina,03-11-2006,mascara,-2, $(3.83)
,,,,,,630,Hallagan,10-01-2006,foundation,55, $166.77 
,,,,,,631,Jen,24-06-2006,eye liner,40, $122.55 
,,,,,,632,Betsy,26-06-2005,foundation,61, $183.96 
,,,,,,633,Hallagan,15-06-2005,eye liner,40, $122.54 
,,,,,,634,Jen,09-09-2006,eye liner,31, $94.68 
,,,,,,635,Betsy,23-04-2004,mascara,6, $20.45 
,,,,,,636,Hallagan,25-10-2005,foundation,-6, $(16.10)
,,,,,,637,Hallagan,07-07-2005,eye liner,14, $43.40 
,,,,,,638,Hallagan,31-07-2004,mascara,94, $283.88 
,,,,,,639,Jen,29-07-2005,mascara,70, $212.27 
,,,,,,640,Emilee,07-11-2004,lip gloss,-8, $(21.44)
,,,,,,641,Emilee,03-11-2006,lip gloss,-8, $(21.91)
,,,,,,642,Ashley,30-12-2005,mascara,2, $7.64 
,,,,,,643,Hallagan,04-01-2004,lipstick,10, $31.84 
,,,,,,644,Cici,02-05-2005,eye liner,51, $154.53 
,,,,,,645,Cici,01-04-2004,eye liner,5, $16.85 
,,,,,,646,Emilee,02-06-2006,eye liner,39, $119.49 
,,,,,,647,Ashley,21-03-2004,eye liner,20, $61.93 
,,,,,,648,Emilee,29-11-2004,foundation,29, $88.79 
,,,,,,649,Zaret,01-02-2006,foundation,43, $130.60 
,,,,,,650,Ashley,02-09-2004,mascara,40, $122.34 
,,,,,,651,Emilee,12-02-2006,foundation,36, $109.41 
,,,,,,652,Emilee,23-01-2005,eye liner,88, $265.70 
,,,,,,653,Betsy,03-02-2005,mascara,55, $166.43 
,,,,,,654,Jen,21-12-2004,eye liner,65, $196.86 
,,,,,,655,Jen,07-07-2005,lip gloss,6, $19.49 
,,,,,,656,Cici,22-05-2006,foundation,-1, $(1.23)
,,,,,,657,Jen,20-09-2006,foundation,32, $97.81 
,,,,,,658,Hallagan,21-01-2006,mascara,17, $53.06 
,,,,,,659,Zaret,09-07-2004,eye liner,25, $76.38 
,,,,,,660,Zaret,30-03-2005,eye liner,11, $35.75 
,,,,,,661,Zaret,17-02-2004,mascara,51, $155.02 
,,,,,,662,Emilee,03-11-2006,lipstick,25, $78.07 
,,,,,,663,Hallagan,14-11-2006,eye liner,27, $82.45 
,,,,,,664,Betsy,15-06-2005,lip gloss,38, $116.79 
,,,,,,665,Cristina,20-09-2006,foundation,27, $82.57 
,,,,,,666,Jen,13-06-2006,eye liner,59, $178.63 
,,,,,,667,Cici,12-02-2006,foundation,73, $220.45 
,,,,,,668,Colleen,31-08-2005,eye liner,43, $131.45 
,,,,,,669,Cristina,05-07-2006,mascara,51, $154.78 
,,,,,,670,Betsy,13-09-2004,lip gloss,32, $98.01 
,,,,,,671,Zaret,08-04-2006,lip gloss,89, $268.59 
,,,,,,672,Jen,27-11-2005,mascara,-1, $(0.61)
,,,,,,673,Hallagan,17-03-2006,eye liner,26, $81.09 
,,,,,,674,Jen,25-02-2005,foundation,56, $170.29 
,,,,,,675,Betsy,22-08-2004,lip gloss,10, $32.45 
,,,,,,676,Hallagan,06-02-2004,lipstick,8, $25.64 
,,,,,,677,Colleen,02-05-2005,eye liner,75, $226.81 
,,,,,,678,Jen,03-02-2005,foundation,79, $239.48 
,,,,,,679,Colleen,13-05-2005,foundation,25, $75.94 
,,,,,,680,Cristina,12-10-2006,lip gloss,22, $68.81 
,,,,,,681,Betsy,13-09-2004,lipstick,88, $265.64 
,,,,,,682,Emilee,07-11-2004,foundation,94, $284.33 
,,,,,,683,Jen,03-10-2005,mascara,58, $176.73 
,,,,,,684,Emilee,04-06-2005,lip gloss,66, $200.21 
,,,,,,685,Jen,07-08-2006,eye liner,82, $247.94 
,,,,,,686,Hallagan,01-10-2006,foundation,94, $283.77 
,,,,,,687,Ashley,28-12-2006,lip gloss,27, $82.88 
,,,,,,688,Betsy,12-04-2004,lipstick,56, $169.96 
,,,,,,689,Emilee,19-04-2006,mascara,82, $247.80 
,,,,,,690,Emilee,11-09-2005,mascara,7, $23.07 
,,,,,,691,Betsy,10-01-2006,lip gloss,25, $77.37 
,,,,,,692,Ashley,28-12-2006,foundation,15, $46.81 
,,,,,,693,Jen,05-10-2004,foundation,39, $118.82 
,,,,,,694,Betsy,03-10-2005,lip gloss,22, $67.92 
,,,,,,695,Zaret,19-03-2005,lipstick,0, $1.58 
,,,,,,696,Betsy,20-07-2004,mascara,47, $142.63 
,,,,,,697,Jen,06-03-2006,lipstick,36, $110.26 
,,,,,,698,Jen,13-09-2004,eye liner,46, $139.53 
,,,,,,699,Emilee,30-04-2006,eye liner,84, $253.68 
,,,,,,700,Cristina,21-03-2004,lip gloss,38, $115.77 
,,,,,,701,Betsy,26-05-2004,lip gloss,13, $40.47 
,,,,,,702,Emilee,19-04-2006,foundation,40, $122.42 
,,,,,,703,Colleen,17-06-2004,lipstick,46, $139.41 
,,,,,,704,Cici,31-07-2004,eye liner,11, $35.11 
,,,,,,705,Ashley,15-06-2005,lip gloss,-1, $(0.90)
,,,,,,706,Ashley,10-03-2004,lip gloss,32, $98.62 
,,,,,,707,Cici,15-01-2004,foundation,78, $235.38 
,,,,,,708,Ashley,23-01-2005,lipstick,71, $215.14 
,,,,,,709,Colleen,23-04-2004,lip gloss,36, $109.80 
,,,,,,710,Jen,22-08-2004,mascara,79, $238.75 
,,,,,,711,Ashley,09-08-2005,lipstick,92, $278.34 
,,,,,,712,Hallagan,15-01-2004,foundation,38, $116.20 
,,,,,,713,Betsy,06-12-2006,mascara,50, $152.08 
,,,,,,714,Cristina,23-02-2006,foundation,31, $93.73 
,,,,,,715,Jen,13-06-2006,lip gloss,9, $29.39 
,,,,,,716,Hallagan,25-02-2005,eye liner,24, $73.28 
,,,,,,717,Ashley,12-01-2005,lip gloss,50, $152.59 
,,,,,,718,Jen,12-02-2006,lipstick,32, $98.19 
,,,,,,719,Cici,13-09-2004,foundation,71, $214.93 
,,,,,,720,Cristina,03-11-2006,mascara,28, $86.11 
,,,,,,721,Ashley,23-10-2006,lip gloss,40, $121.83 
,,,,,,722,Cristina,15-01-2004,eye liner,75, $226.99 
,,,,,,723,Zaret,22-08-2004,lip gloss,30, $92.03 
,,,,,,724,Jen,08-12-2005,lip gloss,78, $235.90 
,,,,,,725,Colleen,09-08-2005,mascara,15, $47.10 
,,,,,,726,Cristina,07-11-2004,lipstick,30, $91.80 
,,,,,,727,Zaret,03-10-2005,foundation,27, $83.56 
,,,,,,728,Hallagan,13-06-2006,lip gloss,95, $286.68 
,,,,,,729,Jen,17-02-2004,foundation,62, $188.70 
,,,,,,730,Cristina,17-03-2006,lip gloss,-4, $(10.15)
,,,,,,731,Betsy,20-07-2004,mascara,-3, $(7.23)
,,,,,,732,Hallagan,07-07-2005,mascara,62, $187.71 
,,,,,,733,Betsy,11-08-2004,lipstick,92, $277.68 
,,,,,,734,Zaret,17-12-2006,foundation,35, $107.10 
,,,,,,735,Betsy,02-05-2005,eye liner,91, $274.96 
,,,,,,736,Cristina,09-07-2004,mascara,21, $64.32 
,,,,,,737,Colleen,21-01-2006,mascara,49, $148.74 
,,,,,,738,Zaret,19-03-2005,foundation,34, $103.35 
,,,,,,739,Hallagan,23-01-2005,lip gloss,56, $170.12 
,,,,,,740,Cristina,26-05-2004,eye liner,81, $244.85 
,,,,,,741,Betsy,12-04-2004,eye liner,63, $191.25 
,,,,,,742,Cristina,02-05-2005,foundation,-3, $(7.37)
,,,,,,743,Colleen,07-07-2005,foundation,8, $25.81 
,,,,,,744,Jen,01-04-2004,lip gloss,46, $139.62 
,,,,,,745,Colleen,14-02-2005,lip gloss,3, $10.88 
,,,,,,746,Colleen,22-05-2006,foundation,68, $205.86 
,,,,,,747,Betsy,19-04-2006,foundation,83, $251.06 
,,,,,,748,Cristina,14-02-2005,eye liner,51, $155.12 
,,,,,,749,Cici,19-04-2006,foundation,16, $50.20 
,,,,,,750,Cici,11-05-2006,eye liner,-2, $(3.91)
,,,,,,751,Cristina,29-11-2004,lip gloss,6, $20.37 
,,,,,,752,Colleen,25-10-2005,lip gloss,-5, $(12.57)
,,,,,,753,Betsy,21-01-2006,eye liner,42, $127.71 
,,,,,,754,Cristina,12-01-2005,eye liner,47, $143.38 
,,,,,,755,Hallagan,27-07-2006,mascara,16, $50.19 
,,,,,,756,Cici,15-05-2004,lip gloss,11, $35.36 
,,,,,,757,Betsy,29-11-2004,eye liner,-10, $(27.90)
,,,,,,758,Ashley,10-03-2004,eye liner,21, $65.38 
,,,,,,759,Cici,25-10-2005,mascara,52, $157.73 
,,,,,,760,Cristina,12-04-2004,lipstick,5, $17.01 
,,,,,,761,Cristina,29-07-2005,eye liner,52, $158.43 
,,,,,,762,Colleen,30-03-2005,mascara,38, $115.39 
,,,,,,763,Emilee,11-05-2006,mascara,84, $254.26 
,,,,,,764,Cici,06-12-2006,lipstick,18, $55.34 
,,,,,,765,Jen,04-05-2004,lip gloss,-6, $(15.74)
,,,,,,766,Cici,01-04-2004,lip gloss,5, $16.91 
,,,,,,767,Colleen,06-12-2006,foundation,59, $178.90 
,,,,,,768,Colleen,26-06-2005,mascara,-1, $(1.43)
,,,,,,769,Jen,23-01-2005,lipstick,12, $37.85 
,,,,,,770,Colleen,21-03-2004,lipstick,25, $76.81 
,,,,,,771,Cristina,26-06-2005,mascara,33, $101.42 
,,,,,,772,Betsy,28-02-2004,mascara,12, $37.89 
,,,,,,773,Emilee,09-08-2005,eye liner,52, $158.31 
,,,,,,774,Jen,30-03-2005,eye liner,34, $103.62 
,,,,,,775,Cristina,29-07-2005,foundation,66, $200.66 
,,,,,,776,Cristina,31-07-2004,lipstick,10, $31.85 
,,,,,,777,Cici,28-02-2004,foundation,-5, $(12.55)
,,,,,,778,Ashley,09-08-2005,mascara,89, $269.49 
,,,,,,779,Cici,10-04-2005,foundation,5, $16.82 
,,,,,,780,Jen,12-10-2006,mascara,48, $145.99 
,,,,,,781,Betsy,06-12-2006,mascara,36, $109.92 
,,,,,,782,Cristina,14-11-2006,mascara,80, $242.00 
,,,,,,783,Betsy,25-11-2006,lip gloss,64, $193.89 
,,,,,,784,Betsy,14-10-2005,foundation,51, $155.50 
,,,,,,785,Ashley,10-04-2005,eye liner,92, $278.34 
,,,,,,786,Cici,21-04-2005,eye liner,93, $280.86 
,,,,,,787,Jen,03-02-2005,foundation,36, $110.48 
,,,,,,788,Ashley,12-10-2006,lip gloss,-9, $(24.83)
,,,,,,789,Jen,24-05-2005,lip gloss,48, $146.23 
,,,,,,790,Cici,16-11-2005,eye liner,11, $34.55 
,,,,,,791,Cici,20-07-2004,lipstick,8, $25.45 
,,,,,,792,Colleen,12-04-2004,foundation,36, $110.09 
,,,,,,793,Cici,05-11-2005,mascara,93, $280.78 
,,,,,,794,Hallagan,12-04-2004,lip gloss,39, $119.20 
,,,,,,795,Hallagan,26-05-2004,eye liner,72, $218.08 
,,,,,,796,Emilee,06-03-2006,lip gloss,3, $10.42 
,,,,,,797,Zaret,01-01-2005,mascara,47, $142.84 
,,,,,,798,Cristina,28-12-2006,mascara,72, $217.32 
,,,,,,799,Colleen,06-12-2006,mascara,26, $79.75 
,,,,,,800,Zaret,05-10-2004,eye liner,47, $142.49 
,,,,,,801,Cristina,10-01-2006,lip gloss,14, $43.40 
,,,,,,802,Zaret,26-06-2005,mascara,71, $215.08 
,,,,,,803,Hallagan,18-08-2006,foundation,95, $287.80 
,,,,,,804,Cici,06-03-2006,mascara,37, $112.78 
,,,,,,805,Hallagan,08-12-2005,lip gloss,-1, $(0.39)
,,,,,,806,Emilee,18-08-2006,eye liner,26, $80.21 
,,,,,,807,Zaret,04-01-2004,eye liner,67, $203.54 
,,,,,,808,Emilee,17-02-2004,lip gloss,15, $47.20 
,,,,,,809,Jen,23-02-2006,lip gloss,73, $221.34 
,,,,,,810,Jen,05-10-2004,mascara,13, $40.90 
,,,,,,811,Emilee,21-03-2004,foundation,76, $229.56 
,,,,,,812,Cici,06-06-2004,eye liner,-9, $(24.93)
,,,,,,813,Colleen,04-06-2005,lipstick,36, $109.53 
,,,,,,814,Ashley,26-05-2004,foundation,11, $35.52 
,,,,,,815,Colleen,21-01-2006,lip gloss,73, $220.50 
,,,,,,816,Jen,16-10-2004,lipstick,93, $280.27 
,,,,,,817,Betsy,08-04-2006,foundation,69, $209.32 
,,,,,,818,Hallagan,12-04-2004,eye liner,86, $259.48 
,,,,,,819,Betsy,02-06-2006,mascara,54, $164.38 
,,,,,,820,Cristina,21-04-2005,mascara,-2, $(4.04)
,,,,,,821,Zaret,20-09-2006,foundation,83, $250.17 
,,,,,,822,Cici,14-10-2005,mascara,2, $8.00 
,,,,,,823,Colleen,18-08-2006,eye liner,54, $164.15 
,,,,,,824,Hallagan,01-04-2004,foundation,76, $230.42 
,,,,,,825,Betsy,31-08-2005,eye liner,10, $32.25 
,,,,,,826,Jen,12-10-2006,foundation,81, $245.04 
,,,,,,827,Jen,20-09-2006,eye liner,83, $251.14 
,,,,,,828,Zaret,03-11-2006,foundation,6, $19.52 
,,,,,,829,Colleen,14-11-2006,mascara,77, $233.16 
,,,,,,830,Jen,28-03-2006,mascara,41, $125.28 
,,,,,,831,Ashley,06-12-2006,lip gloss,80, $241.71 
,,,,,,832,Zaret,22-05-2006,eye liner,20, $62.21 
,,,,,,833,Emilee,26-01-2004,eye liner,31, $95.33 
,,,,,,834,Hallagan,10-01-2006,foundation,34, $103.90 
,,,,,,835,Ashley,31-08-2005,foundation,2, $8.03 
,,,,,,836,Jen,12-02-2006,foundation,17, $53.33 
,,,,,,837,Emilee,02-06-2006,eye liner,16, $50.31 
,,,,,,838,Cristina,06-03-2006,foundation,54, $163.70 
,,,,,,839,Zaret,17-02-2004,lip gloss,-9, $(24.92)
,,,,,,840,Zaret,30-04-2006,eye liner,94, $284.54 
,,,,,,841,Jen,02-09-2004,foundation,-3, $(7.45)
,,,,,,842,Cristina,07-11-2004,mascara,9, $28.83 
,,,,,,843,Hallagan,21-03-2004,foundation,25, $77.11 
,,,,,,844,Ashley,23-10-2006,lip gloss,29, $89.31 
,,,,,,845,Cici,22-08-2004,eye liner,37, $113.21 
,,,,,,846,Zaret,26-06-2005,foundation,19, $59.00 
,,,,,,847,Cristina,12-04-2004,lip gloss,28, $86.05 
,,,,,,848,Jen,06-06-2004,eye liner,18, $55.86 
,,,,,,849,Ashley,02-06-2006,lipstick,84, $254.04 
,,,,,,850,Emilee,16-10-2004,foundation,79, $238.83 
,,,,,,851,Cici,07-11-2004,foundation,31, $94.97 
,,,,,,852,Jen,27-07-2006,lipstick,34, $103.40 
,,,,,,853,Cici,16-11-2005,mascara,66, $201.26 
,,,,,,854,Emilee,22-05-2006,mascara,44, $134.45 
,,,,,,855,Betsy,23-01-2005,eye liner,94, $284.42 
,,,,,,856,Colleen,12-04-2004,foundation,11, $35.30 
,,,,,,857,Hallagan,22-08-2004,lip gloss,74, $223.97 
,,,,,,858,Jen,06-12-2006,mascara,28, $86.49 
,,,,,,859,Cristina,04-06-2005,lip gloss,40, $121.92 
,,,,,,860,Cristina,06-02-2004,lip gloss,34, $104.17 
,,,,,,861,Betsy,11-09-2005,eye liner,38, $115.85 
,,,,,,862,Hallagan,15-06-2005,mascara,69, $209.14 
,,,,,,863,Ashley,20-08-2005,eye liner,34, $103.97 
,,,,,,864,Betsy,09-08-2005,mascara,29, $89.38 
,,,,,,865,Colleen,17-02-2004,foundation,-10, $(27.72)
,,,,,,866,Cici,27-10-2004,lipstick,42, $128.43 
,,,,,,867,Zaret,17-03-2006,mascara,58, $175.97 
,,,,,,868,Emilee,10-03-2004,foundation,27, $83.02 
,,,,,,869,Cici,05-07-2006,eye liner,47, $143.27 
,,,,,,870,Emilee,06-02-2004,foundation,29, $88.70 
,,,,,,871,Cici,11-05-2006,mascara,28, $86.23 
,,,,,,872,Betsy,20-09-2006,eye liner,79, $239.06 
,,,,,,873,Ashley,07-11-2004,eye liner,41, $124.82 
,,,,,,874,Emilee,07-07-2005,lipstick,57, $172.96 
,,,,,,875,Cici,16-07-2006,lip gloss,45, $137.62 
,,,,,,876,Jen,17-03-2006,mascara,91, $274.91 
,,,,,,877,Emilee,23-01-2005,mascara,49, $149.04 
,,,,,,878,Betsy,24-09-2004,lip gloss,68, $206.16 
,,,,,,879,Colleen,14-02-2005,lipstick,38, $116.64 
,,,,,,880,Ashley,20-09-2006,foundation,4, $15.21 
,,,,,,881,Emilee,10-04-2005,mascara,45, $137.05 
,,,,,,882,Cristina,10-12-2004,mascara,85, $256.66 
,,,,,,883,Emilee,07-07-2005,lipstick,57, $173.06 
,,,,,,884,Zaret,16-11-2005,mascara,-3, $(6.36)
,,,,,,885,Cici,07-08-2006,foundation,-9, $(24.86)
,,,,,,886,Zaret,23-04-2004,eye liner,86, $260.29 
,,,,,,887,Jen,08-03-2005,foundation,11, $35.04 
,,,,,,888,Colleen,15-01-2004,mascara,87, $262.76 
,,,,,,889,Colleen,31-07-2004,eye liner,86, $260.01 
,,,,,,890,Betsy,01-02-2006,lip gloss,62, $187.81 
,,,,,,891,Emilee,16-07-2006,mascara,80, $241.86 
,,,,,,892,Colleen,20-07-2004,lipstick,11, $34.78 
,,,,,,893,Colleen,08-12-2005,lipstick,11, $34.68 
,,,,,,894,Cici,05-11-2005,eye liner,-4, $(9.79)
,,,,,,895,Cristina,10-12-2004,lipstick,42, $128.03 
,,,,,,896,Cristina,28-06-2004,lip gloss,51, $154.72 
,,,,,,897,Colleen,20-07-2004,foundation,91, $274.77 
,,,,,,898,Emilee,18-08-2006,lip gloss,24, $73.41 
,,,,,,899,Emilee,26-01-2004,eye liner,19, $59.12 
,,,,,,900,Colleen,21-03-2004,lip gloss,80, $241.75 
,,,,,,901,Betsy,06-12-2006,foundation,0, $1.68 
,,,,,,902,Jen,01-10-2006,foundation,69, $209.14 
,,,,,,903,Emilee,16-07-2006,mascara,84, $253.78 
,,,,,,904,Hallagan,20-08-2005,lipstick,31, $94.75 
,,,,,,905,Zaret,31-08-2005,eye liner,11, $35.27 
,,,,,,906,Ashley,30-03-2005,lip gloss,79, $239.34 
,,,,,,907,Jen,24-06-2006,eye liner,22, $68.55 
,,,,,,908,Betsy,03-02-2005,foundation,76, $231.13 
,,,,,,909,Ashley,05-10-2004,eye liner,0, $2.74 
,,,,,,910,Emilee,19-03-2005,lip gloss,94, $283.56 
,,,,,,911,Zaret,07-11-2004,foundation,14, $44.25 
,,,,,,912,Emilee,05-07-2006,mascara,57, $172.70 
,,,,,,913,Jen,21-04-2005,lip gloss,3, $11.08 
,,,,,,914,Cici,05-07-2006,lip gloss,50, $151.96 
,,,,,,915,Ashley,13-06-2006,eye liner,25, $76.62 
,,,,,,916,Cristina,31-08-2005,foundation,46, $140.27 
,,,,,,917,Zaret,16-07-2006,lip gloss,19, $58.74 
,,,,,,918,Emilee,22-05-2006,eye liner,6, $20.10 
,,,,,,919,Jen,05-07-2006,lipstick,8, $26.08 
,,,,,,920,Emilee,10-01-2006,mascara,-2, $(3.73)
,,,,,,921,Zaret,10-04-2005,lip gloss,80, $240.69 
,,,,,,922,Jen,02-05-2005,foundation,19, $58.90 
,,,,,,923,Betsy,10-04-2005,lipstick,27, $82.99 
,,,,,,924,Ashley,06-02-2004,mascara,79, $239.45 
,,,,,,925,Jen,10-01-2006,foundation,57, $173.33 
,,,,,,926,Cici,19-12-2005,lip gloss,47, $143.60 
,,,,,,927,Cici,07-11-2004,lip gloss,9, $28.83 
,,,,,,928,Jen,27-11-2005,lip gloss,65, $196.86 
,,,,,,929,Zaret,10-03-2004,foundation,58, $175.22 
,,,,,,930,Cici,13-09-2004,mascara,48, $145.94 
,,,,,,931,Zaret,14-10-2005,foundation,75, $226.61 
,,,,,,932,Cici,21-01-2006,foundation,59, $179.37 
,,,,,,933,Jen,23-01-2005,mascara,34, $104.45 
,,,,,,934,Zaret,01-04-2004,lipstick,57, $173.07 
,,,,,,935,Emilee,28-03-2006,lip gloss,62, $187.89 
,,,,,,936,Cristina,05-07-2006,lipstick,17, $53.05 
,,,,,,937,Ashley,29-07-2005,foundation,83, $250.82 
,,,,,,938,Ashley,20-07-2004,lip gloss,56, $169.84 
,,,,,,939,Hallagan,28-02-2004,lip gloss,14, $44.19 
,,,,,,940,Colleen,01-01-2005,lipstick,-9, $(24.56)
,,,,,,941,Betsy,18-07-2005,foundation,44, $134.50 
,,,,,,942,Zaret,06-02-2004,eye liner,32, $97.65 
,,,,,,943,Jen,12-01-2005,eye liner,85, $256.97 
,,,,,,944,Betsy,24-09-2004,lip gloss,-2, $(3.72)
,,,,,,945,Emilee,03-02-2005,lipstick,31, $94.44 
,,,,,,946,Cici,22-08-2004,eye liner,-7, $(19.82)
,,,,,,947,Colleen,26-01-2004,lipstick,-1, $(0.29)
,,,,,,948,Ashley,25-11-2006,lip gloss,6, $20.40 
,,,,,,949,Cristina,06-06-2004,foundation,13, $41.83 
,,,,,,950,Ashley,27-10-2004,lip gloss,70, $212.46 
,,,,,,951,Colleen,17-06-2004,foundation,15, $47.75 
,,,,,,952,Cristina,19-04-2006,mascara,18, $56.26 
,,,,,,953,Cristina,23-02-2006,eye liner,30, $92.20 
,,,,,,954,Zaret,03-11-2006,mascara,17, $53.07 
,,,,,,955,Zaret,12-01-2005,eye liner,-1, $(1.45)
,,,,,,956,Jen,19-03-2005,foundation,50, $152.32 
,,,,,,957,Ashley,30-12-2005,lip gloss,83, $251.09 
,,,,,,958,Emilee,04-05-2004,mascara,54, $164.08 
,,,,,,959,Ashley,21-04-2005,lip gloss,16, $49.97 
,,,,,,960,Emilee,20-09-2006,lip gloss,53, $160.96 
,,,,,,961,Cristina,10-01-2006,eye liner,95, $286.72 
,,,,,,962,Ashley,04-01-2004,mascara,74, $224.13 
,,,,,,963,Colleen,20-08-2005,mascara,11, $35.13 
,,,,,,964,Hallagan,20-09-2006,foundation,63, $191.00 
,,,,,,965,Betsy,31-08-2005,eye liner,53, $161.24 
,,,,,,966,Zaret,27-07-2006,lip gloss,1, $5.28 
,,,,,,967,Cristina,18-11-2004,foundation,24, $74.31 
,,,,,,968,Zaret,08-04-2006,lipstick,5, $16.42 
,,,,,,969,Betsy,25-02-2005,lip gloss,35, $107.34 
,,,,,,970,Betsy,22-05-2006,eye liner,33, $100.62 
,,,,,,971,Emilee,01-02-2006,mascara,65, $196.64 
,,,,,,972,Cici,12-02-2006,mascara,52, $158.34 
,,,,,,973,Cici,18-08-2006,mascara,44, $133.42 
,,,,,,974,Ashley,12-10-2006,lipstick,72, $218.06 
,,,,,,975,Emilee,13-09-2004,mascara,13, $41.14 
,,,,,,976,Zaret,09-09-2006,foundation,16, $50.16 
,,,,,,977,Cici,12-02-2006,foundation,19, $59.27 
,,,,,,978,Zaret,13-05-2005,mascara,67, $203.43 
,,,,,,979,Emilee,12-02-2006,lip gloss,2, $8.31 
,,,,,,980,Zaret,02-06-2006,mascara,28, $85.79 
,,,,,,981,Colleen,20-08-2005,foundation,-6, $(15.85)
,,,,,,982,Ashley,30-03-2005,mascara,70, $212.03 
,,,,,,983,Hallagan,23-02-2006,lip gloss,65, $197.19 
,,,,,,984,Emilee,28-12-2006,foundation,39, $119.05 
,,,,,,985,Hallagan,29-08-2006,foundation,72, $218.19 
,,,,,,986,Betsy,02-05-2005,lipstick,47, $142.54 
,,,,,,987,Emilee,11-05-2006,lip gloss,94, $283.58 
,,,,,,988,Betsy,13-05-2005,lip gloss,58, $175.82 
,,,,,,989,Jen,15-05-2004,eye liner,-6, $(17.29)
,,,,,,990,Colleen,17-02-2004,eye liner,38, $115.96 
,,,,,,991,Cristina,15-01-2004,eye liner,-1, $(1.02)
,,,,,,992,Jen,16-11-2005,eye liner,34, $104.58 
,,,,,,993,Zaret,01-04-2004,lip gloss,30, $91.72 
,,,,,,994,Colleen,26-05-2004,foundation,62, $187.43 
,,,,,,995,Betsy,12-02-2006,lip gloss,24, $74.21 
,,,,,,996,Colleen,13-09-2004,eye liner,4, $13.65 
,,,,,,997,Emilee,06-06-2004,lip gloss,88, $265.29 
,,,,,,998,Emilee,03-10-2005,eye liner,78, $235.69 
,,,,,,999,Ashley,14-10-2005,eye liner,82, $248.12 
,,,,,,1000,Cristina,13-05-2005,lip gloss,68, $206.87 
,,,,,,1001,Cristina,17-02-2004,foundation,20, $61.60 
,,,,,,1002,Colleen,05-10-2004,lip gloss,-10, $(28.33)
,,,,,,1003,Zaret,24-09-2004,eye liner,94, $283.99 
,,,,,,1004,Zaret,08-04-2006,foundation,62, $188.00 
,,,,,,1005,Emilee,09-07-2004,mascara,71, $215.02 
,,,,,,1006,Ashley,21-03-2004,lipstick,70, $211.52 
,,,,,,1007,Cici,12-04-2004,foundation,17, $52.01 
,,,,,,1008,Ashley,08-12-2005,eye liner,51, $154.87 
,,,,,,1009,Betsy,30-04-2006,mascara,70, $212.19 
,,,,,,1010,Zaret,24-06-2006,eye liner,94, $283.92 
,,,,,,1011,Colleen,10-12-2004,mascara,70, $211.85 
,,,,,,1012,Ashley,13-05-2005,lip gloss,89, $269.19 
,,,,,,1013,Colleen,14-10-2005,lip gloss,26, $79.31 
,,,,,,1014,Cici,08-12-2005,eye liner,8, $26.10 
,,,,,,1015,Ashley,01-02-2006,foundation,8, $26.08 
,,,,,,1016,Cici,12-10-2006,eye liner,62, $187.69 
,,,,,,1017,Jen,18-08-2006,eye liner,-9, $(24.82)
,,,,,,1018,Zaret,22-08-2004,foundation,55, $166.82 
,,,,,,1019,Hallagan,02-09-2004,lipstick,71, $215.35 
,,,,,,1020,Emilee,17-03-2006,mascara,5, $17.43 
,,,,,,1021,Colleen,31-08-2005,foundation,28, $86.32 
,,,,,,1022,Emilee,11-05-2006,lipstick,95, $286.93 
,,,,,,1023,Betsy,22-09-2005,eye liner,56, $169.67 
,,,,,,1024,Cici,25-10-2005,foundation,79, $238.72 
,,,,,,1025,Cici,29-07-2005,eye liner,10, $32.24 
,,,,,,1026,Hallagan,24-09-2004,lipstick,69, $208.62 
,,,,,,1027,Colleen,17-03-2006,lip gloss,15, $46.77 
,,,,,,1028,Cici,01-02-2006,eye liner,0, $1.78 
,,,,,,1029,Cici,07-07-2005,lipstick,78, $236.10 
,,,,,,1030,Hallagan,24-05-2005,mascara,89, $268.45 
,,,,,,1031,Cici,14-02-2005,mascara,94, $284.11 
,,,,,,1032,Betsy,17-02-2004,mascara,-5, $(13.09)
,,,,,,1033,Hallagan,06-12-2006,lip gloss,42, $127.95 
,,,,,,1034,Emilee,20-09-2006,eye liner,9, $29.03 
,,,,,,1035,Emilee,10-04-2005,foundation,8, $26.40 
,,,,,,1036,Betsy,11-08-2004,foundation,69, $209.15 
,,,,,,1037,Cristina,12-10-2006,mascara,2, $7.73 
,,,,,,1038,Cici,24-09-2004,eye liner,3, $10.49 
,,,,,,1039,Emilee,15-06-2005,lipstick,76, $230.14 
,,,,,,1040,Cristina,28-06-2004,eye liner,-7, $(18.43)
,,,,,,1041,Colleen,05-07-2006,mascara,24, $74.04 
,,,,,,1042,Jen,09-09-2006,foundation,35, $106.67 
,,,,,,1043,Cici,21-03-2004,foundation,23, $71.10 
,,,,,,1044,Zaret,30-04-2006,eye liner,32, $97.98 
,,,,,,1045,Cristina,02-09-2004,mascara,46, $139.82 
,,,,,,1046,Cici,06-02-2004,lip gloss,28, $85.91 
,,,,,,1047,Cici,03-02-2005,lipstick,58, $176.38 
,,,,,,1048,Emilee,16-11-2005,lip gloss,19, $59.08 
,,,,,,1049,Colleen,11-08-2004,lip gloss,79, $238.64 
,,,,,,1050,Betsy,10-12-2004,mascara,31, $94.12 
,,,,,,1051,Cici,16-11-2005,eye liner,4, $14.29 
,,,,,,1052,Colleen,28-03-2006,foundation,91, $275.51 
,,,,,,1053,Hallagan,15-06-2005,lip gloss,51, $154.75 
,,,,,,1054,Emilee,15-01-2004,eye liner,2, $8.34 
,,,,,,1055,Jen,07-07-2005,lipstick,42, $127.68 
,,,,,,1056,Betsy,18-11-2004,lip gloss,57, $173.10 
,,,,,,1057,Colleen,24-09-2004,foundation,63, $190.21 
,,,,,,1058,Betsy,04-05-2004,mascara,37, $112.97 
,,,,,,1059,Betsy,10-03-2004,lip gloss,30, $92.61 
,,,,,,1060,Hallagan,28-03-2006,foundation,31, $95.22 
,,,,,,1061,Cristina,10-03-2004,eye liner,55, $167.33 
,,,,,,1062,Jen,19-12-2005,eye liner,-5, $(12.64)
,,,,,,1063,Zaret,23-04-2004,lip gloss,28, $85.46 
,,,,,,1064,Emilee,20-08-2005,eye liner,93, $280.15 
,,,,,,1065,Jen,14-10-2005,lipstick,13, $40.97 
,,,,,,1066,Betsy,06-03-2006,foundation,94, $283.90 
,,,,,,1067,Jen,19-03-2005,foundation,1, $4.86 
,,,,,,1068,Cici,03-10-2005,foundation,5, $16.49 
,,,,,,1069,Colleen,02-06-2006,mascara,60, $181.33 
,,,,,,1070,Hallagan,20-07-2004,lip gloss,67, $203.02 
,,,,,,1071,Hallagan,10-12-2004,foundation,87, $263.52 
,,,,,,1072,Hallagan,18-11-2004,mascara,53, $161.07 
,,,,,,1073,Jen,09-08-2005,lip gloss,74, $224.20 
,,,,,,1074,Betsy,14-11-2006,lip gloss,83, $251.40 
,,,,,,1075,Cici,14-10-2005,mascara,45, $136.79 
,,,,,,1076,Jen,28-06-2004,lip gloss,36, $109.96 
,,,,,,1077,Hallagan,19-12-2005,foundation,82, $248.20 
,,,,,,1078,Ashley,29-08-2006,foundation,18, $56.51 
,,,,,,1079,Emilee,12-04-2004,foundation,21, $64.57 
,,,,,,1080,Colleen,26-06-2005,foundation,56, $170.17 
,,,,,,1081,Cici,30-04-2006,eye liner,51, $154.96 
,,,,,,1082,Cristina,06-03-2006,foundation,88, $266.15 
,,,,,,1083,Emilee,21-04-2005,eye liner,93, $280.96 
,,,,,,1084,Ashley,24-09-2004,lip gloss,-4, $(9.80)
,,,,,,1085,Colleen,21-04-2005,eye liner,30, $91.84 
,,,,,,1086,Jen,19-12-2005,foundation,81, $245.62 
,,,,,,1087,Colleen,21-04-2005,foundation,58, $175.79 
,,,,,,1088,Ashley,04-01-2004,mascara,50, $151.96 
,,,,,,1089,Zaret,28-06-2004,lip gloss,92, $277.65 
,,,,,,1090,Ashley,14-11-2006,foundation,27, $82.12 
,,,,,,1091,Zaret,22-08-2004,foundation,61, $184.45 
,,,,,,1092,Colleen,27-07-2006,mascara,7, $23.20 
,,,,,,1093,Betsy,10-12-2004,lip gloss,25, $76.52 
,,,,,,1094,Ashley,22-08-2004,lip gloss,84, $254.21 
,,,,,,1095,Betsy,01-04-2004,eye liner,66, $199.92 
,,,,,,1096,Emilee,04-05-2004,eye liner,89, $269.23 
,,,,,,1097,Cristina,13-05-2005,foundation,32, $97.88 
,,,,,,1098,Cristina,05-07-2006,lip gloss,78, $236.26 
,,,,,,1099,Emilee,17-03-2006,lipstick,56, $169.99 
,,,,,,1100,Colleen,28-12-2006,foundation,80, $241.54 
,,,,,,1101,Cici,03-02-2005,mascara,72, $218.33 
,,,,,,1102,Zaret,16-11-2005,lip gloss,23, $71.30 
,,,,,,1103,Cici,06-03-2006,mascara,-2, $(3.69)
,,,,,,1104,Colleen,05-10-2004,lip gloss,81, $245.37 
,,,,,,1105,Emilee,05-11-2005,lipstick,-4, $(10.63)
,,,,,,1106,Betsy,01-01-2005,mascara,81, $245.47 
,,,,,,1107,Colleen,10-03-2004,lipstick,-9, $(24.90)
,,,,,,1108,Hallagan,08-03-2005,eye liner,67, $203.39 
,,,,,,1109,Betsy,03-02-2005,mascara,27, $83.26 
,,,,,,1110,Colleen,06-03-2006,mascara,-1, $(1.45)
,,,,,,1111,Ashley,31-08-2005,mascara,24, $74.45 
,,,,,,1112,Hallagan,01-02-2006,eye liner,80, $241.97 
,,,,,,1113,Zaret,05-10-2004,lip gloss,82, $248.21 
,,,,,,1114,Jen,30-12-2005,foundation,1, $5.55 
,,,,,,1115,Cristina,12-04-2004,foundation,11, $35.28 
,,,,,,1116,Betsy,16-07-2006,mascara,12, $37.33 
,,,,,,1117,Cici,10-12-2004,eye liner,54, $164.38 
,,,,,,1118,Jen,03-11-2006,mascara,78, $236.66 
,,,,,,1119,Cici,06-02-2004,mascara,-8, $(21.77)
,,,,,,1120,Betsy,17-02-2004,eye liner,6, $19.84 
,,,,,,1121,Zaret,05-10-2004,foundation,30, $91.75 
,,,,,,1122,Colleen,01-02-2006,lip gloss,55, $166.81 
,,,,,,1123,Cici,28-03-2006,eye liner,53, $161.24 
,,,,,,1124,Ashley,14-02-2005,mascara,29, $88.93 
,,,,,,1125,Betsy,12-04-2004,lip gloss,75, $227.04 
,,,,,,1126,Ashley,29-11-2004,foundation,78, $235.68 
,,,,,,1127,Zaret,20-09-2006,foundation,6, $20.39 
,,,,,,1128,Colleen,29-07-2005,lip gloss,57, $172.67 
,,,,,,1129,Hallagan,10-04-2005,eye liner,35, $106.53 
,,,,,,1130,Cici,14-11-2006,eye liner,72, $217.37 
,,,,,,1131,Jen,17-06-2004,mascara,79, $238.32 
,,,,,,1132,Cici,21-04-2005,lip gloss,89, $269.02 
,,,,,,1133,Jen,02-05-2005,eye liner,84, $252.58 
,,,,,,1134,Cristina,09-09-2006,mascara,43, $130.66 
,,,,,,1135,Emilee,21-01-2006,lip gloss,-4, $(9.97)
,,,,,,1136,Emilee,12-01-2005,foundation,51, $154.66 
,,,,,,1137,Betsy,22-05-2006,lip gloss,17, $53.07 
,,,,,,1138,Hallagan,14-11-2006,mascara,51, $155.24 
,,,,,,1139,Jen,06-03-2006,eye liner,14, $44.20 
,,,,,,1140,Ashley,17-12-2006,lip gloss,60, $181.87 
,,,,,,1141,Cici,18-11-2004,mascara,-8, $(21.98)
,,,,,,1142,Colleen,26-06-2005,foundation,95, $286.66 
,,,,,,1143,Zaret,01-02-2006,foundation,66, $199.59 
,,,,,,1144,Zaret,21-12-2004,lip gloss,77, $232.63 
,,,,,,1145,Hallagan,10-12-2004,eye liner,65, $197.33 
,,,,,,1146,Hallagan,21-04-2005,mascara,29, $89.18 
,,,,,,1147,Zaret,09-07-2004,lipstick,8, $26.09 
,,,,,,1148,Ashley,10-01-2006,lipstick,42, $127.87 
,,,,,,1149,Betsy,28-02-2004,foundation,93, $280.72 
,,,,,,1150,Zaret,06-06-2004,foundation,69, $209.15 
,,,,,,1151,Colleen,05-07-2006,mascara,91, $274.80 
,,,,,,1152,Hallagan,03-02-2005,eye liner,11, $34.52 
,,,,,,1153,Hallagan,01-01-2005,lip gloss,-1, $(1.56)
,,,,,,1154,Jen,21-12-2004,mascara,52, $158.21 
,,,,,,1155,Betsy,06-03-2006,lipstick,-10, $(28.64)
,,,,,,1156,Zaret,25-11-2006,mascara,33, $100.51 
,,,,,,1157,Betsy,05-10-2004,lipstick,-1, $(1.12)
,,,,,,1158,Colleen,29-08-2006,mascara,24, $73.54 
,,,,,,1159,Jen,15-05-2004,foundation,71, $214.70 
,,,,,,1160,Hallagan,18-11-2004,lip gloss,88, $265.86 
,,,,,,1161,Betsy,29-07-2005,lip gloss,16, $49.99 
,,,,,,1162,Cici,15-06-2005,foundation,7, $23.19 
,,,,,,1163,Emilee,24-09-2004,mascara,46, $140.48 
,,,,,,1164,Ashley,29-11-2004,foundation,-10, $(27.58)
,,,,,,1165,Hallagan,24-06-2006,lip gloss,83, $251.13 
,,,,,,1166,Jen,17-03-2006,lip gloss,85, $256.23 
,,,,,,1167,Zaret,11-09-2005,eye liner,18, $56.22 
,,,,,,1168,Cristina,24-09-2004,lipstick,83, $251.40 
,,,,,,1169,Cici,25-11-2006,lip gloss,71, $214.72 
,,,,,,1170,Emilee,02-09-2004,eye liner,2, $7.93 
,,,,,,1171,Betsy,14-11-2006,foundation,71, $215.03 
,,,,,,1172,Zaret,22-09-2005,lipstick,68, $206.21 
,,,,,,1173,Emilee,07-11-2004,eye liner,30, $92.33 
,,,,,,1174,Hallagan,01-02-2006,lipstick,72, $217.81 
,,,,,,1175,Jen,22-08-2004,eye liner,73, $221.37 
,,,,,,1176,Betsy,21-01-2006,lip gloss,28, $86.47 
,,,,,,1177,Cici,17-03-2006,mascara,40, $122.64 
,,,,,,1178,Emilee,06-12-2006,foundation,-8, $(22.30)
,,,,,,1179,Ashley,10-04-2005,lipstick,70, $211.69 
,,,,,,1180,Betsy,19-12-2005,eye liner,3, $10.72 
,,,,,,1181,Betsy,10-12-2004,eye liner,33, $100.68 
,,,,,,1182,Colleen,22-08-2004,lip gloss,88, $265.75 
,,,,,,1183,Emilee,01-01-2005,mascara,39, $119.17 
,,,,,,1184,Cici,26-06-2005,lipstick,64, $193.64 
,,,,,,1185,Jen,24-06-2006,lip gloss,0, $2.13 
,,,,,,1186,Cristina,21-03-2004,lipstick,26, $80.37 
,,,,,,1187,Ashley,10-03-2004,lip gloss,0, $1.49 
,,,,,,1188,Betsy,13-06-2006,foundation,76, $229.77 
,,,,,,1189,Emilee,27-10-2004,eye liner,75, $227.62 
,,,,,,1190,Emilee,17-06-2004,lip gloss,61, $184.47 
,,,,,,1191,Cici,18-07-2005,eye liner,-2, $(4.28)
,,,,,,1192,Hallagan,06-02-2004,lipstick,40, $122.55 
,,,,,,1193,Colleen,14-02-2005,eye liner,5, $17.38 
,,,,,,1194,Colleen,20-09-2006,eye liner,57, $172.52 
,,,,,,1195,Jen,28-03-2006,eye liner,86, $259.82 
,,,,,,1196,Betsy,17-06-2004,lipstick,15, $46.53 
,,,,,,1197,Cici,09-09-2006,eye liner,39, $118.84 
,,,,,,1198,Betsy,04-05-2004,foundation,94, $284.28 
,,,,,,1199,Betsy,28-03-2006,lip gloss,78, $235.95 
,,,,,,1200,Cici,21-01-2006,eye liner,65, $196.95 
,,,,,,1201,Ashley,17-12-2006,eye liner,66, $199.89 
,,,,,,1202,Emilee,13-05-2005,mascara,84, $254.10 
,,,,,,1203,Betsy,17-03-2006,mascara,35, $107.42 
,,,,,,1204,Cristina,06-06-2004,mascara,94, $284.45 
,,,,,,1205,Colleen,10-04-2005,lip gloss,26, $80.01 
,,,,,,1206,Jen,27-07-2006,eye liner,80, $242.69 
,,,,,,1207,Cristina,26-05-2004,lip gloss,7, $22.75 
,,,,,,1208,Hallagan,27-07-2006,mascara,47, $142.45 
,,,,,,1209,Colleen,13-09-2004,lip gloss,32, $98.67 
,,,,,,1210,Hallagan,27-11-2005,lip gloss,8, $25.40 
,,,,,,1211,Ashley,31-07-2004,mascara,33, $100.91 
,,,,,,1212,Jen,02-09-2004,eye liner,22, $68.44 
,,,,,,1213,Cici,25-10-2005,lip gloss,81, $244.70 
,,,,,,1214,Cici,13-06-2006,lipstick,81, $244.87 
,,,,,,1215,Ashley,31-07-2004,foundation,30, $91.74 
,,,,,,1216,Zaret,13-09-2004,lip gloss,-1, $(1.15)
,,,,,,1217,Hallagan,22-05-2006,mascara,35, $106.85 
,,,,,,1218,Cici,17-03-2006,mascara,78, $235.96 
,,,,,,1219,Betsy,07-08-2006,lip gloss,15, $47.23 
,,,,,,1220,Jen,23-01-2005,mascara,75, $226.88 
,,,,,,1221,Emilee,12-10-2006,eye liner,12, $38.14 
,,,,,,1222,Cristina,16-11-2005,mascara,30, $91.98 
,,,,,,1223,Cristina,13-05-2005,eye liner,42, $128.05 
,,,,,,1224,Emilee,04-01-2004,eye liner,-8, $(22.15)
,,,,,,1225,Jen,12-04-2004,lipstick,93, $280.74 
,,,,,,1226,Hallagan,29-08-2006,eye liner,55, $167.58 
,,,,,,1227,Ashley,25-02-2005,lip gloss,53, $161.17 
,,,,,,1228,Emilee,05-07-2006,eye liner,20, $61.77 
,,,,,,1229,Zaret,21-04-2005,lipstick,19, $58.72 
,,,,,,1230,Cici,23-01-2005,mascara,23, $70.87 
,,,,,,1231,Betsy,06-03-2006,foundation,68, $205.91 
,,,,,,1232,Colleen,21-01-2006,lipstick,52, $157.86 
,,,,,,1233,Ashley,18-07-2005,eye liner,40, $121.96 
,,,,,,1234,Colleen,23-02-2006,mascara,22, $67.71 
,,,,,,1235,Colleen,10-04-2005,lipstick,5, $16.99 
,,,,,,1236,Colleen,08-04-2006,mascara,30, $92.28 
,,,,,,1237,Colleen,01-04-2004,eye liner,6, $20.24 
,,,,,,1238,Jen,24-09-2004,lipstick,92, $277.63 
,,,,,,1239,Zaret,22-05-2006,mascara,-5, $(12.43)
,,,,,,1240,Cristina,11-05-2006,lip gloss,20, $61.84 
,,,,,,1241,Emilee,28-12-2006,mascara,54, $163.09 
,,,,,,1242,Colleen,10-04-2005,eye liner,9, $29.21 
,,,,,,1243,Zaret,13-05-2005,eye liner,6, $19.96 
,,,,,,1244,Emilee,04-05-2004,lip gloss,47, $142.83 
,,,,,,1245,Ashley,16-11-2005,mascara,-10, $(27.09)
,,,,,,1246,Cici,15-05-2004,mascara,90, $272.34 
,,,,,,1247,Betsy,06-02-2004,foundation,48, $146.43 
,,,,,,1248,Emilee,10-04-2005,foundation,55, $167.33 
,,,,,,1249,Betsy,24-06-2006,mascara,42, $128.48 
,,,,,,1250,Cici,01-02-2006,eye liner,39, $119.43 
,,,,,,1251,Colleen,16-11-2005,mascara,26, $79.64 
,,,,,,1252,Betsy,12-02-2006,mascara,26, $79.50 
,,,,,,1253,Betsy,19-12-2005,eye liner,52, $158.28 
,,,,,,1254,Colleen,18-11-2004,foundation,19, $58.77 
,,,,,,1255,Ashley,11-08-2004,mascara,18, $55.68 
,,,,,,1256,Hallagan,25-11-2006,mascara,87, $263.04 
,,,,,,1257,Colleen,16-10-2004,eye liner,46, $139.94 
,,,,,,1258,Betsy,16-07-2006,mascara,54, $163.69 
,,,,,,1259,Zaret,28-02-2004,mascara,21, $64.70 
,,,,,,1260,Colleen,06-02-2004,foundation,-6, $(16.24)
,,,,,,1261,Cristina,18-11-2004,foundation,47, $142.41 
,,,,,,1262,Jen,23-04-2004,foundation,14, $44.24 
,,,,,,1263,Jen,01-10-2006,foundation,73, $220.50 
,,,,,,1264,Jen,17-12-2006,lip gloss,14, $44.42 
,,,,,,1265,Hallagan,08-04-2006,lip gloss,95, $286.76 
,,,,,,1266,Cristina,17-02-2004,eye liner,64, $193.37 
,,,,,,1267,Cici,05-10-2004,eye liner,47, $143.14 
,,,,,,1268,Cristina,29-11-2004,foundation,20, $61.94 
,,,,,,1269,Zaret,21-12-2004,lip gloss,71, $215.33 
,,,,,,1270,Cristina,14-10-2005,eye liner,66, $199.50 
,,,,,,1271,Hallagan,05-10-2004,foundation,79, $239.44 
,,,,,,1272,Hallagan,25-10-2005,mascara,-7, $(18.40)
,,,,,,1273,Betsy,03-10-2005,foundation,72, $217.35 
,,,,,,1274,Hallagan,05-10-2004,lipstick,91, $275.37 
,,,,,,1275,Colleen,10-03-2004,mascara,57, $173.48 
,,,,,,1276,Cici,24-09-2004,foundation,-8, $(21.83)
,,,,,,1277,Cristina,11-09-2005,foundation,45, $136.96 
,,,,,,1278,Zaret,27-10-2004,eye liner,92, $278.05 
,,,,,,1279,Colleen,02-09-2004,mascara,28, $86.46 
,,,,,,1280,Betsy,23-01-2005,lipstick,79, $238.99 
,,,,,,1281,Jen,23-01-2005,foundation,92, $277.54 
,,,,,,1282,Cristina,23-04-2004,mascara,11, $34.46 
,,,,,,1283,Colleen,23-01-2005,eye liner,23, $70.70 
,,,,,,1284,Betsy,19-04-2006,eye liner,2, $8.80 
,,,,,,1285,Emilee,01-01-2005,eye liner,-2, $(3.45)
,,,,,,1286,Hallagan,04-06-2005,lip gloss,33, $100.69 
,,,,,,1287,Emilee,24-06-2006,mascara,10, $31.30 
,,,,,,1288,Ashley,29-11-2004,lipstick,84, $254.12 
,,,,,,1289,Hallagan,21-12-2004,mascara,88, $266.39 
,,,,,,1290,Betsy,07-07-2005,eye liner,95, $286.61 
,,,,,,1291,Zaret,14-02-2005,mascara,3, $11.90 
,,,,,,1292,Betsy,30-04-2006,lip gloss,72, $217.58 
,,,,,,1293,Cici,08-03-2005,eye liner,58, $176.65 
,,,,,,1294,Ashley,06-06-2004,eye liner,19, $59.64 
,,,,,,1295,Betsy,21-04-2005,mascara,35, $106.51 
,,,,,,1296,Hallagan,29-11-2004,foundation,80, $242.63 
,,,,,,1297,Cristina,26-01-2004,eye liner,26, $80.05 
,,,,,,1298,Zaret,07-07-2005,lip gloss,93, $280.93 
,,,,,,1299,Colleen,05-11-2005,eye liner,29, $90.06 
,,,,,,1300,Colleen,23-04-2004,foundation,88, $266.37 
,,,,,,1301,Jen,18-08-2006,eye liner,5, $16.87 
,,,,,,1302,Colleen,09-08-2005,mascara,64, $194.03 
,,,,,,1303,Emilee,30-12-2005,lip gloss,38, $116.03 
,,,,,,1304,Jen,16-10-2004,foundation,21, $65.60 
,,,,,,1305,Hallagan,18-07-2005,eye liner,61, $184.44 
,,,,,,1306,Zaret,04-05-2004,eye liner,53, $160.80 
,,,,,,1307,Betsy,01-02-2006,mascara,28, $86.32 
,,,,,,1308,Zaret,29-08-2006,mascara,39, $119.49 
,,,,,,1309,Zaret,03-11-2006,lip gloss,89, $268.72 
,,,,,,1310,Betsy,23-04-2004,foundation,72, $218.16 
,,,,,,1311,Colleen,22-08-2004,lip gloss,63, $191.08 
,,,,,,1312,Cristina,28-12-2006,foundation,47, $142.15 
,,,,,,1313,Ashley,07-07-2005,mascara,8, $25.62 
,,,,,,1314,Betsy,07-11-2004,lip gloss,88, $265.57 
,,,,,,1315,Ashley,22-08-2004,lip gloss,12, $37.82 
,,,,,,1316,Jen,27-11-2005,mascara,79, $239.18 
,,,,,,1317,Colleen,17-06-2004,lipstick,39, $118.94 
,,,,,,1318,Jen,12-02-2006,mascara,61, $185.06 
,,,,,,1319,Jen,20-09-2006,lip gloss,12, $38.28 
,,,,,,1320,Zaret,07-11-2004,mascara,25, $76.65 
,,,,,,1321,Cici,27-11-2005,foundation,82, $248.26 
,,,,,,1322,Ashley,21-12-2004,mascara,4, $14.48 
,,,,,,1323,Ashley,17-12-2006,lipstick,22, $68.23 
,,,,,,1324,Ashley,01-10-2006,mascara,81, $244.62 
,,,,,,1325,Zaret,25-02-2005,eye liner,34, $103.85 
,,,,,,1326,Ashley,18-11-2004,mascara,89, $269.74 
,,,,,,1327,Zaret,03-02-2005,mascara,6, $20.31 
,,,,,,1328,Jen,26-06-2005,eye liner,78, $236.00 
,,,,,,1329,Cici,13-05-2005,lip gloss,9, $28.85 
,,,,,,1330,Cristina,28-12-2006,mascara,9, $29.72 
,,,,,,1331,Cristina,19-04-2006,foundation,73, $221.18 
,,,,,,1332,Betsy,15-01-2004,lip gloss,13, $41.92 
,,,,,,1333,Colleen,08-03-2005,eye liner,14, $44.00 
,,,,,,1334,Betsy,24-05-2005,lipstick,33, $100.31 
,,,,,,1335,Betsy,01-04-2004,foundation,17, $53.12 
,,,,,,1336,Hallagan,05-07-2006,lip gloss,9, $29.50 
,,,,,,1337,Jen,23-02-2006,mascara,15, $47.31 
,,,,,,1338,Ashley,09-09-2006,lipstick,50, $152.31 
,,,,,,1339,Jen,07-11-2004,lipstick,13, $40.56 
,,,,,,1340,Hallagan,13-09-2004,lip gloss,24, $74.73 
,,,,,,1341,Betsy,30-12-2005,lip gloss,77, $232.89 
,,,,,,1342,Hallagan,11-05-2006,mascara,21, $65.21 
,,,,,,1343,Cici,07-07-2005,mascara,80, $240.76 
,,,,,,1344,Hallagan,07-11-2004,mascara,56, $170.51 
,,,,,,1345,Cristina,10-04-2005,foundation,28, $86.00 
,,,,,,1346,Jen,27-11-2005,lipstick,50, $151.57 
,,,,,,1347,Cristina,10-04-2005,eye liner,23, $71.41 
,,,,,,1348,Jen,06-06-2004,lip gloss,77, $232.85 
,,,,,,1349,Betsy,17-02-2004,mascara,56, $170.26 
,,,,,,1350,Cici,19-04-2006,lip gloss,26, $79.76 
,,,,,,1351,Ashley,17-02-2004,foundation,18, $55.93 
,,,,,,1352,Cristina,17-02-2004,lip gloss,40, $121.10 
,,,,,,1353,Hallagan,17-02-2004,mascara,75, $227.07 
,,,,,,1354,Colleen,25-02-2005,lipstick,61, $184.75 
,,,,,,1355,Ashley,21-12-2004,lipstick,35, $106.74 
,,,,,,1356,Cici,29-07-2005,foundation,42, $127.74 
,,,,,,1357,Hallagan,18-11-2004,eye liner,47, $142.59 
,,,,,,1358,Ashley,16-10-2004,mascara,74, $225.02 
,,,,,,1359,Ashley,24-05-2005,mascara,55, $166.25 
,,,,,,1360,Zaret,22-09-2005,lip gloss,87, $263.11 
,,,,,,1361,Ashley,28-06-2004,foundation,75, $227.33 
,,,,,,1362,Emilee,13-06-2006,foundation,91, $274.61 
,,,,,,1363,Ashley,19-12-2005,lip gloss,79, $238.21 
,,,,,,1364,Cici,17-06-2004,mascara,31, $94.92 
,,,,,,1365,Hallagan,05-10-2004,eye liner,36, $109.87 
,,,,,,1366,Jen,28-06-2004,mascara,80, $242.06 
,,,,,,1367,Betsy,17-03-2006,lip gloss,32, $98.11 
,,,,,,1368,Zaret,28-06-2004,lipstick,29, $89.17 
,,,,,,1369,Hallagan,13-05-2005,foundation,64, $193.52 
,,,,,,1370,Cristina,10-03-2004,lip gloss,27, $83.67 
,,,,,,1371,Cici,24-09-2004,lip gloss,36, $109.81 
,,,,,,1372,Betsy,06-12-2006,mascara,36, $109.46 
,,,,,,1373,Jen,23-10-2006,mascara,32, $97.34 
,,,,,,1374,Cristina,29-08-2006,mascara,9, $29.17 
,,,,,,1375,Zaret,22-05-2006,foundation,78, $235.64 
,,,,,,1376,Zaret,23-01-2005,lipstick,55, $167.69 
,,,,,,1377,Hallagan,22-08-2004,mascara,79, $239.26 
,,,,,,1378,Hallagan,04-01-2004,eye liner,9, $29.37 
,,,,,,1379,Betsy,17-12-2006,foundation,4, $14.28 
,,,,,,1380,Hallagan,19-04-2006,mascara,6, $20.17 
,,,,,,1381,Cici,24-05-2005,eye liner,18, $55.92 
,,,,,,1382,Zaret,25-10-2005,eye liner,14, $44.49 
,,,,,,1383,Cristina,18-08-2006,lip gloss,91, $275.50 
,,,,,,1384,Zaret,08-12-2005,eye liner,74, $224.07 
,,,,,,1385,Betsy,31-07-2004,lip gloss,47, $143.86 
,,,,,,1386,Colleen,03-11-2006,foundation,28, $86.47 
,,,,,,1387,Colleen,20-09-2006,eye liner,21, $64.78 
,,,,,,1388,Cristina,30-03-2005,foundation,52, $157.69 
,,,,,,1389,Zaret,28-06-2004,lipstick,33, $101.09 
,,,,,,1390,Colleen,06-02-2004,mascara,-7, $(19.44)
,,,,,,1391,Cristina,01-04-2004,lip gloss,12, $38.24 
,,,,,,1392,Zaret,28-02-2004,eye liner,1, $4.50 
,,,,,,1393,Betsy,26-01-2004,mascara,56, $169.76 
,,,,,,1394,Cristina,26-06-2005,foundation,34, $104.48 
,,,,,,1395,Cici,25-02-2005,foundation,83, $250.39 
,,,,,,1396,Colleen,19-03-2005,eye liner,-4, $(10.16)
,,,,,,1397,Cristina,03-02-2005,foundation,9, $29.70 
,,,,,,1398,Hallagan,15-05-2004,eye liner,64, $193.99 
,,,,,,1399,Cici,15-05-2004,lip gloss,13, $40.95 
,,,,,,1400,Zaret,23-04-2004,lip gloss,9, $28.68 
,,,,,,1401,Emilee,20-09-2006,lip gloss,6, $19.55 
,,,,,,1402,Ashley,22-05-2006,foundation,55, $167.09 
,,,,,,1403,Jen,02-06-2006,lipstick,64, $194.83 
,,,,,,1404,Betsy,15-06-2005,lip gloss,27, $82.65 
,,,,,,1405,Jen,16-10-2004,lip gloss,4, $14.36 
,,,,,,1406,Cici,05-11-2005,lip gloss,17, $53.45 
,,,,,,1407,Ashley,18-08-2006,lip gloss,24, $74.29 
,,,,,,1408,Emilee,08-12-2005,lip gloss,87, $262.88 
,,,,,,1409,Zaret,18-11-2004,mascara,10, $31.76 
,,,,,,1410,Cristina,16-10-2004,mascara,0, $1.83 
,,,,,,1411,Cristina,23-01-2005,lip gloss,73, $221.01 
,,,,,,1412,Hallagan,21-03-2004,lip gloss,66, $200.12 
,,,,,,1413,Betsy,18-08-2006,lip gloss,70, $211.75 
,,,,,,1414,Zaret,10-12-2004,foundation,78, $235.91 
,,,,,,1415,Jen,05-11-2005,mascara,22, $66.97 
,,,,,,1416,Emilee,05-10-2004,mascara,21, $65.22 
,,,,,,1417,Betsy,16-10-2004,lip gloss,8, $25.82 
,,,,,,1418,Ashley,17-02-2004,mascara,62, $187.80 
,,,,,,1419,Colleen,11-05-2006,mascara,81, $244.51 
,,,,,,1420,Zaret,21-12-2004,lip gloss,72, $218.17 
,,,,,,1421,Hallagan,12-10-2006,eye liner,13, $41.36 
,,,,,,1422,Betsy,31-08-2005,lipstick,52, $157.42 
,,,,,,1423,Cristina,21-01-2006,eye liner,49, $148.11 
,,,,,,1424,Cristina,21-03-2004,eye liner,82, $248.17 
,,,,,,1425,Zaret,08-04-2006,eye liner,5, $17.02 
,,,,,,1426,Jen,22-09-2005,mascara,45, $136.86 
,,,,,,1427,Emilee,08-12-2005,mascara,-10, $(27.35)
,,,,,,1428,Ashley,06-12-2006,eye liner,53, $160.85 
,,,,,,1429,Hallagan,30-03-2005,lipstick,24, $73.62 
,,,,,,1430,Cristina,16-07-2006,lip gloss,27, $83.23 
,,,,,,1431,Jen,30-04-2006,foundation,52, $158.63 
,,,,,,1432,Zaret,23-10-2006,foundation,0, $1.78 
,,,,,,1433,Cristina,17-06-2004,mascara,92, $278.65 
,,,,,,1434,Emilee,23-10-2006,mascara,22, $67.71 
,,,,,,1435,Cici,30-04-2006,eye liner,67, $202.90 
,,,,,,1436,Zaret,14-10-2005,mascara,7, $23.03 
,,,,,,1437,Cici,15-05-2004,eye liner,-10, $(27.96)
,,,,,,1438,Colleen,18-08-2006,mascara,10, $31.67 
,,,,,,1439,Cristina,26-06-2005,foundation,15, $46.48 
,,,,,,1440,Ashley,26-06-2005,lipstick,0, $2.13 
,,,,,,1441,Zaret,17-03-2006,foundation,93, $280.91 
,,,,,,1442,Hallagan,21-01-2006,foundation,57, $172.62 
,,,,,,1443,Cristina,24-09-2004,lip gloss,69, $208.77 
,,,,,,1444,Cici,30-12-2005,foundation,53, $161.65 
,,,,,,1445,Ashley,23-10-2006,lipstick,67, $203.57 
,,,,,,1446,Cici,01-04-2004,eye liner,23, $70.71 
,,,,,,1447,Colleen,17-06-2004,mascara,43, $131.16 
,,,,,,1448,Jen,23-10-2006,lip gloss,69, $209.40 
,,,,,,1449,Hallagan,01-10-2006,lipstick,45, $136.50 
,,,,,,1450,Zaret,05-11-2005,eye liner,70, $211.70 
,,,,,,1451,Colleen,23-10-2006,mascara,91, $274.50 
,,,,,,1452,Emilee,17-12-2006,mascara,33, $100.48 
,,,,,,1453,Colleen,07-08-2006,foundation,90, $272.36 
,,,,,,1454,Colleen,21-12-2004,mascara,17, $52.52 
,,,,,,1455,Zaret,31-07-2004,eye liner,-7, $(18.92)
,,,,,,1456,Ashley,02-09-2004,mascara,21, $64.91 
,,,,,,1457,Jen,09-08-2005,foundation,14, $44.33 
,,,,,,1458,Zaret,19-04-2006,lipstick,84, $254.27 
,,,,,,1459,Cristina,21-01-2006,lipstick,92, $278.13 
,,,,,,1460,Zaret,23-10-2006,lip gloss,-1, $(0.13)
,,,,,,1461,Zaret,13-05-2005,lip gloss,73, $222.09 
,,,,,,1462,Cici,10-01-2006,foundation,48, $146.42 
,,,,,,1463,Cici,10-12-2004,eye liner,72, $217.08 
,,,,,,1464,Betsy,05-07-2006,foundation,42, $127.61 
,,,,,,1465,Zaret,21-12-2004,foundation,80, $242.21 
,,,,,,1466,Zaret,31-08-2005,foundation,56, $170.86 
,,,,,,1467,Jen,26-01-2004,mascara,46, $140.58 
,,,,,,1468,Betsy,02-06-2006,eye liner,45, $136.77 
,,,,,,1469,Ashley,04-06-2005,foundation,53, $160.40 
,,,,,,1470,Ashley,03-10-2005,eye liner,51, $155.05 
,,,,,,1471,Cristina,19-12-2005,mascara,64, $193.30 
,,,,,,1472,Betsy,07-11-2004,eye liner,15, $47.09 
,,,,,,1473,Zaret,01-04-2004,lipstick,33, $101.70 
,,,,,,1474,Emilee,11-05-2006,eye liner,31, $95.05 
,,,,,,1475,Ashley,19-12-2005,lipstick,51, $155.18 
,,,,,,1476,Cristina,18-08-2006,foundation,-7, $(18.64)
,,,,,,1477,Ashley,13-05-2005,eye liner,37, $112.07 
,,,,,,1478,Betsy,15-06-2005,foundation,43, $130.97 
,,,,,,1479,Cici,22-05-2006,mascara,63, $190.69 
,,,,,,1480,Colleen,09-07-2004,eye liner,29, $89.59 
,,,,,,1481,Cici,08-12-2005,mascara,20, $61.94 
,,,,,,1482,Emilee,28-03-2006,eye liner,48, $146.44 
,,,,,,1483,Betsy,29-07-2005,eye liner,94, $284.31 
,,,,,,1484,Betsy,09-09-2006,foundation,41, $124.88 
,,,,,,1485,Betsy,23-01-2005,eye liner,45, $137.55 
,,,,,,1486,Jen,13-05-2005,lip gloss,69, $208.61 
,,,,,,1487,Ashley,01-04-2004,mascara,48, $146.17 
,,,,,,1488,Cristina,23-01-2005,mascara,38, $115.70 
,,,,,,1489,Betsy,21-01-2006,lip gloss,49, $149.11 
,,,,,,1490,Colleen,02-09-2004,foundation,79, $239.15 
,,,,,,1491,Ashley,18-07-2005,foundation,93, $281.34 
,,,,,,1492,Colleen,21-12-2004,foundation,67, $202.44 
,,,,,,1493,Betsy,22-05-2006,foundation,13, $41.32 
,,,,,,1494,Ashley,14-10-2005,lip gloss,71, $215.36 
,,,,,,1495,Betsy,23-10-2006,foundation,15, $46.39 
,,,,,,1496,Zaret,11-09-2005,eye liner,89, $269.12 
,,,,,,1497,Zaret,25-10-2005,mascara,65, $197.50 
,,,,,,1498,Zaret,21-12-2004,eye liner,16, $49.98 
,,,,,,1499,Betsy,02-06-2006,lip gloss,48, $146.13 
,,,,,,1500,Hallagan,31-08-2005,eye liner,78, $235.94 
,,,,,,1501,Cici,26-01-2004,lip gloss,5, $17.19 
,,,,,,1502,Emilee,10-01-2006,lip gloss,33, $101.71 
,,,,,,1503,Ashley,28-03-2006,foundation,73, $220.63 
,,,,,,1504,Betsy,20-07-2004,mascara,93, $280.86 
,,,,,,1505,Betsy,30-12-2005,foundation,37, $113.24 
,,,,,,1506,Colleen,29-07-2005,lip gloss,23, $70.34 
,,,,,,1507,Colleen,27-11-2005,lip gloss,-3, $(7.21)
,,,,,,1508,Jen,23-02-2006,eye liner,39, $118.96 
,,,,,,1509,Betsy,30-04-2006,eye liner,83, $251.40 
,,,,,,1510,Emilee,29-08-2006,foundation,65, $197.81 
,,,,,,1511,Betsy,29-11-2004,lip gloss,13, $41.74 
,,,,,,1512,Emilee,16-11-2005,foundation,9, $28.86 
,,,,,,1513,Cristina,17-12-2006,eye liner,-4, $(10.35)
,,,,,,1514,Ashley,27-10-2004,mascara,22, $67.75 
,,,,,,1515,Hallagan,30-03-2005,mascara,-3, $(6.89)
,,,,,,1516,Colleen,31-07-2004,mascara,58, $176.20 
,,,,,,1517,Cristina,22-08-2004,eye liner,65, $196.64 
,,,,,,1518,Colleen,28-06-2004,eye liner,9, $28.46 
,,,,,,1519,Emilee,23-10-2006,lipstick,18, $56.30 
,,,,,,1520,Hallagan,04-05-2004,foundation,55, $166.78 
,,,,,,1521,Cristina,12-01-2005,eye liner,69, $209.57 
,,,,,,1522,Zaret,12-04-2004,eye liner,51, $155.56 
,,,,,,1523,Ashley,21-01-2006,lipstick,23, $71.15 
,,,,,,1524,Betsy,19-04-2006,lip gloss,38, $115.81 
,,,,,,1525,Zaret,29-11-2004,lipstick,-8, $(22.29)
,,,,,,1526,Hallagan,23-10-2006,eye liner,20, $61.78 
,,,,,,1527,Cristina,07-07-2005,lip gloss,25, $76.80 
,,,,,,1528,Betsy,23-10-2006,eye liner,-6, $(16.11)
,,,,,,1529,Zaret,27-07-2006,lip gloss,88, $266.77 
,,,,,,1530,Jen,22-05-2006,eye liner,62, $187.54 
,,,,,,1531,Hallagan,04-01-2004,lipstick,80, $242.16 
,,,,,,1532,Cici,10-03-2004,lipstick,66, $199.70 
,,,,,,1533,Emilee,07-11-2004,foundation,34, $104.45 
,,,,,,1534,Hallagan,10-12-2004,eye liner,49, $149.82 
,,,,,,1535,Cici,20-07-2004,lip gloss,45, $136.92 
,,,,,,1536,Cristina,19-12-2005,foundation,16, $49.65 
,,,,,,1537,Jen,20-08-2005,lipstick,45, $136.64 
,,,,,,1538,Ashley,17-06-2004,eye liner,1, $5.73 
,,,,,,1539,Cici,29-07-2005,mascara,33, $100.97 
,,,,,,1540,Hallagan,31-08-2005,lipstick,37, $113.04 
,,,,,,1541,Ashley,07-07-2005,eye liner,46, $139.34 
,,,,,,1542,Betsy,06-02-2004,foundation,71, $215.35 
,,,,,,1543,Zaret,29-11-2004,mascara,59, $179.12 
,,,,,,1544,Zaret,21-04-2005,lipstick,84, $253.54 
,,,,,,1545,Zaret,24-06-2006,eye liner,91, $274.23 
,,,,,,1546,Cristina,10-03-2004,lip gloss,33, $100.23 
,,,,,,1547,Cici,21-12-2004,eye liner,34, $104.04 
,,,,,,1548,Zaret,23-10-2006,lip gloss,1, $5.32 
,,,,,,1549,Hallagan,28-02-2004,eye liner,42, $128.73 
,,,,,,1550,Cici,19-12-2005,eye liner,45, $137.93 
,,,,,,1551,Emilee,16-10-2004,lip gloss,26, $80.03 
,,,,,,1552,Ashley,26-01-2004,eye liner,72, $218.33 
,,,,,,1553,Zaret,27-07-2006,eye liner,-5, $(13.39)
,,,,,,1554,Colleen,21-03-2004,foundation,31, $94.66 
,,,,,,1555,Cici,04-01-2004,lip gloss,48, $145.91 
,,,,,,1556,Colleen,03-11-2006,mascara,84, $253.60 
,,,,,,1557,Zaret,23-02-2006,eye liner,54, $163.90 
,,,,,,1558,Colleen,15-01-2004,mascara,44, $134.19 
,,,,,,1559,Cristina,27-10-2004,lip gloss,40, $122.05 
,,,,,,1560,Betsy,31-08-2005,lip gloss,25, $76.90 
,,,,,,1561,Emilee,28-02-2004,lip gloss,-8, $(21.48)
,,,,,,1562,Cristina,11-05-2006,eye liner,59, $178.70 
,,,,,,1563,Zaret,21-12-2004,eye liner,59, $179.10 
,,,,,,1564,Emilee,16-11-2005,foundation,34, $103.72 
,,,,,,1565,Emilee,29-11-2004,mascara,27, $82.68 
,,,,,,1566,Cici,23-10-2006,foundation,3, $10.70 
,,,,,,1567,Hallagan,20-08-2005,mascara,89, $269.12 
,,,,,,1568,Hallagan,13-05-2005,eye liner,58, $175.98 
,,,,,,1569,Cici,12-01-2005,lipstick,52, $158.05 
,,,,,,1570,Cici,27-07-2006,mascara,32, $98.05 
,,,,,,1571,Cristina,11-09-2005,mascara,3, $10.58 
,,,,,,1572,Zaret,18-11-2004,eye liner,45, $137.08 
,,,,,,1573,Colleen,29-11-2004,eye liner,91, $275.56 
,,,,,,1574,Zaret,12-02-2006,foundation,-8, $(21.45)
,,,,,,1575,Betsy,19-03-2005,mascara,-7, $(19.14)
,,,,,,1576,Hallagan,05-11-2005,foundation,33, $100.89 
,,,,,,1577,Colleen,13-05-2005,lip gloss,-7, $(18.81)
,,,,,,1578,Colleen,12-10-2006,foundation,82, $248.43 
,,,,,,1579,Ashley,06-06-2004,eye liner,87, $262.85 
,,,,,,1580,Cici,14-02-2005,mascara,93, $281.53 
,,,,,,1581,Cristina,14-10-2005,foundation,72, $218.17 
,,,,,,1582,Jen,16-10-2004,mascara,11, $35.12 
,,,,,,1583,Colleen,16-07-2006,lip gloss,18, $55.78 
,,,,,,1584,Betsy,18-08-2006,foundation,93, $281.26 
,,,,,,1585,Hallagan,20-08-2005,foundation,56, $170.43 
,,,,,,1586,Ashley,24-09-2004,lip gloss,66, $199.70 
,,,,,,1587,Ashley,12-01-2005,lip gloss,95, $286.76 
,,,,,,1588,Zaret,07-07-2005,mascara,61, $184.84 
,,,,,,1589,Colleen,16-07-2006,lip gloss,26, $79.32 
,,,,,,1590,Emilee,08-12-2005,mascara,29, $89.12 
,,,,,,1591,Emilee,14-02-2005,lip gloss,61, $184.79 
,,,,,,1592,Hallagan,13-06-2006,mascara,-3, $(7.01)
,,,,,,1593,Cici,10-01-2006,foundation,40, $122.05 
,,,,,,1594,Hallagan,16-07-2006,foundation,86, $260.37 
,,,,,,1595,Cici,04-06-2005,lipstick,58, $176.58 
,,,,,,1596,Hallagan,14-02-2005,eye liner,13, $41.16 
,,,,,,1597,Cici,28-12-2006,eye liner,14, $44.43 
,,,,,,1598,Emilee,21-04-2005,mascara,85, $256.68 
,,,,,,1599,Cristina,01-02-2006,lip gloss,42, $127.60 
,,,,,,1600,Cici,14-11-2006,lipstick,11, $35.43 
,,,,,,1601,Jen,26-01-2004,lip gloss,32, $98.41 
,,,,,,1602,Hallagan,23-01-2005,lip gloss,79, $239.26 
,,,,,,1603,Emilee,17-06-2004,lip gloss,25, $77.05 
,,,,,,1604,Cristina,27-11-2005,foundation,94, $284.06 
,,,,,,1605,Colleen,14-11-2006,eye liner,6, $20.06 
,,,,,,1606,Zaret,15-06-2005,lipstick,15, $46.57 
,,,,,,1607,Cristina,28-06-2004,eye liner,15, $47.25 
,,,,,,1608,Emilee,10-03-2004,foundation,81, $244.71 
,,,,,,1609,Betsy,10-04-2005,eye liner,94, $283.46 
,,,,,,1610,Zaret,15-01-2004,mascara,11, $35.19 
,,,,,,1611,Colleen,01-04-2004,eye liner,12, $38.18 
,,,,,,1612,Hallagan,31-08-2005,eye liner,85, $257.14 
,,,,,,1613,Zaret,25-11-2006,eye liner,39, $119.06 
,,,,,,1614,Zaret,09-07-2004,foundation,9, $29.11 
,,,,,,1615,Zaret,03-02-2005,mascara,25, $77.54 
,,,,,,1616,Jen,06-06-2004,eye liner,79, $239.89 
,,,,,,1617,Hallagan,26-05-2004,eye liner,83, $250.62 
,,,,,,1618,Hallagan,08-12-2005,foundation,-3, $(6.44)
,,,,,,1619,Cici,23-02-2006,mascara,62, $188.24 
,,,,,,1620,Cici,06-02-2004,eye liner,6, $19.32 
,,,,,,1621,Ashley,08-04-2006,mascara,13, $41.39 
,,,,,,1622,Emilee,22-09-2005,eye liner,88, $266.15 
,,,,,,1623,Emilee,12-04-2004,eye liner,35, $106.70 
,,,,,,1624,Cristina,16-10-2004,eye liner,61, $185.38 
,,,,,,1625,Hallagan,29-07-2005,eye liner,95, $287.15 
,,,,,,1626,Emilee,01-01-2005,eye liner,30, $92.42 
,,,,,,1627,Emilee,16-07-2006,eye liner,-1, $(1.64)
,,,,,,1628,Betsy,01-01-2005,lipstick,5, $16.93 
,,,,,,1629,Betsy,08-03-2005,foundation,42, $127.32 
,,,,,,1630,Zaret,02-05-2005,eye liner,14, $44.54 
,,,,,,1631,Cristina,09-08-2005,eye liner,-4, $(10.01)
,,,,,,1632,Cici,21-01-2006,foundation,27, $82.26 
,,,,,,1633,Cici,04-05-2004,mascara,5, $17.11 
,,,,,,1634,Ashley,19-03-2005,mascara,57, $173.30 
,,,,,,1635,Hallagan,05-10-2004,lip gloss,78, $235.61 
,,,,,,1636,Cici,09-09-2006,mascara,11, $35.30 
,,,,,,1637,Cristina,05-10-2004,lip gloss,55, $166.93 
,,,,,,1638,Ashley,05-10-2004,mascara,15, $46.99 
,,,,,,1639,Cristina,06-02-2004,eye liner,53, $161.39 
,,,,,,1640,Zaret,20-08-2005,lip gloss,70, $212.01 
,,,,,,1641,Cici,18-08-2006,foundation,56, $170.03 
,,,,,,1642,Zaret,22-05-2006,eye liner,91, $275.47 
,,,,,,1643,Jen,21-12-2004,lipstick,55, $167.81 
,,,,,,1644,Cristina,25-10-2005,mascara,1, $4.71 
,,,,,,1645,Cristina,03-02-2005,eye liner,23, $70.74 
,,,,,,1646,Hallagan,19-12-2005,lip gloss,0, $2.30 
,,,,,,1647,Cristina,21-12-2004,mascara,86, $259.96 
,,,,,,1648,Colleen,01-04-2004,eye liner,13, $40.99 
,,,,,,1649,Ashley,19-04-2006,mascara,54, $163.69 
,,,,,,1650,Colleen,10-03-2004,mascara,82, $247.66 
,,,,,,1651,Emilee,14-02-2005,foundation,27, $82.65 
,,,,,,1652,Zaret,12-10-2006,lipstick,84, $254.58 
,,,,,,1653,Ashley,04-05-2004,eye liner,56, $170.25 
,,,,,,1654,Betsy,28-02-2004,lipstick,92, $277.27 
,,,,,,1655,Betsy,15-01-2004,lip gloss,25, $77.55 
,,,,,,1656,Betsy,01-01-2005,eye liner,67, $203.00 
,,,,,,1657,Cici,12-04-2004,lipstick,75, $226.86 
,,,,,,1658,Emilee,22-09-2005,eye liner,14, $44.14 
,,,,,,1659,Cristina,19-12-2005,lip gloss,48, $145.81 
,,,,,,1660,Colleen,15-05-2004,foundation,73, $221.17 
,,,,,,1661,Hallagan,04-06-2005,foundation,28, $85.65 
,,,,,,1662,Ashley,27-11-2005,eye liner,12, $38.54 
,,,,,,1663,Cici,02-05-2005,lip gloss,50, $152.11 
,,,,,,1664,Cristina,01-10-2006,foundation,-5, $(12.64)
,,,,,,1665,Hallagan,23-01-2005,lip gloss,6, $19.48 
,,,,,,1666,Hallagan,25-02-2005,foundation,63, $190.57 
,,,,,,1667,Emilee,13-06-2006,foundation,33, $100.75 
,,,,,,1668,Cici,24-09-2004,eye liner,61, $185.17 
,,,,,,1669,Colleen,10-12-2004,foundation,16, $50.71 
,,,,,,1670,Jen,02-06-2006,eye liner,15, $47.14 
,,,,,,1671,Colleen,27-07-2006,eye liner,-1, $(0.60)
,,,,,,1672,Hallagan,04-06-2005,lip gloss,28, $85.36 
,,,,,,1673,Jen,01-10-2006,foundation,74, $223.54 
,,,,,,1674,Emilee,12-04-2004,lip gloss,60, $182.53 
,,,,,,1675,Cristina,02-05-2005,mascara,26, $79.64 
,,,,,,1676,Hallagan,28-02-2004,foundation,41, $124.81 
,,,,,,1677,Ashley,15-05-2004,lip gloss,-1, $(0.73)
,,,,,,1678,Ashley,05-07-2006,lip gloss,89, $268.72 
,,,,,,1679,Hallagan,06-06-2004,mascara,12, $38.03 
,,,,,,1680,Cristina,16-10-2004,eye liner,21, $65.91 
,,,,,,1681,Jen,24-06-2006,mascara,23, $71.52 
,,,,,,1682,Cici,30-03-2005,foundation,-7, $(18.64)
,,,,,,1683,Betsy,10-03-2004,foundation,35, $106.65 
,,,,,,1684,Ashley,13-09-2004,mascara,94, $283.80 
,,,,,,1685,Ashley,05-11-2005,eye liner,88, $265.96 
,,,,,,1686,Ashley,10-03-2004,lipstick,26, $79.80 
,,,,,,1687,Cici,09-07-2004,foundation,83, $250.99 
,,,,,,1688,Emilee,02-06-2006,mascara,11, $34.68 
,,,,,,1689,Colleen,20-09-2006,foundation,18, $56.57 
,,,,,,1690,Zaret,19-03-2005,eye liner,90, $272.36 
,,,,,,1691,Colleen,03-10-2005,mascara,12, $38.36 
,,,,,,1692,Colleen,26-01-2004,lip gloss,39, $118.64 
,,,,,,1693,Colleen,17-02-2004,lipstick,45, $137.71 
,,,,,,1694,Zaret,06-12-2006,foundation,74, $223.24 
,,,,,,1695,Colleen,18-07-2005,foundation,95, $286.98 
,,,,,,1696,Hallagan,06-06-2004,lip gloss,48, $145.48 
,,,,,,1697,Betsy,16-10-2004,mascara,-3, $(7.06)
,,,,,,1698,Cristina,24-05-2005,lipstick,92, $278.52 
,,,,,,1699,Zaret,08-03-2005,mascara,17, $53.28 
,,,,,,1700,Hallagan,27-10-2004,lip gloss,45, $136.31 
,,,,,,1701,Cristina,12-10-2006,lipstick,62, $187.97 
,,,,,,1702,Zaret,27-10-2004,foundation,52, $158.05 
,,,,,,1703,Hallagan,26-05-2004,lipstick,73, $221.24 
,,,,,,1704,Cici,18-07-2005,lipstick,38, $116.54 
,,,,,,1705,Hallagan,19-12-2005,eye liner,0, $1.71 
,,,,,,1706,Jen,16-10-2004,eye liner,70, $211.81 
,,,,,,1707,Cici,13-05-2005,foundation,-8, $(22.16)
,,,,,,1708,Cici,30-04-2006,eye liner,65, $196.95 
,,,,,,1709,Cici,25-11-2006,lip gloss,-5, $(12.24)
,,,,,,1710,Cici,29-07-2005,foundation,34, $104.46 
,,,,,,1711,Colleen,28-03-2006,lip gloss,72, $217.89 
,,,,,,1712,Jen,03-02-2005,eye liner,-1, $(0.65)
,,,,,,1713,Emilee,08-12-2005,lip gloss,40, $122.14 
,,,,,,1714,Hallagan,09-09-2006,mascara,65, $196.70 
,,,,,,1715,Cici,05-07-2006,lip gloss,77, $232.42 
,,,,,,1716,Jen,19-04-2006,mascara,51, $155.00 
,,,,,,1717,Zaret,10-04-2005,foundation,-9, $(25.10)
,,,,,,1718,Jen,30-03-2005,mascara,17, $52.73 
,,,,,,1719,Ashley,10-04-2005,eye liner,11, $34.81 
,,,,,,1720,Emilee,24-06-2006,lip gloss,40, $121.65 
,,,,,,1721,Ashley,20-08-2005,foundation,67, $202.72 
,,,,,,1722,Cici,29-07-2005,lipstick,79, $239.25 
,,,,,,1723,Zaret,15-05-2004,foundation,-7, $(19.16)
,,,,,,1724,Zaret,24-05-2005,mascara,72, $218.06 
,,,,,,1725,Colleen,29-07-2005,eye liner,53, $160.77 
,,,,,,1726,Emilee,05-07-2006,eye liner,35, $107.41 
,,,,,,1727,Ashley,03-11-2006,lip gloss,39, $118.67 
,,,,,,1728,Colleen,09-07-2004,mascara,-7, $(19.35)
,,,,,,1729,Cristina,17-06-2004,eye liner,68, $206.34 
,,,,,,1730,Emilee,27-10-2004,eye liner,86, $260.29 
,,,,,,1731,Betsy,31-08-2005,lipstick,84, $254.78 
,,,,,,1732,Cristina,25-11-2006,mascara,6, $19.97 
,,,,,,1733,Betsy,10-01-2006,lipstick,-5, $(12.77)
,,,,,,1734,Cristina,08-04-2006,lip gloss,22, $67.94 
,,,,,,1735,Betsy,08-12-2005,eye liner,29, $89.11 
,,,,,,1736,Cici,07-11-2004,lip gloss,3, $10.89 
,,,,,,1737,Ashley,28-03-2006,eye liner,88, $265.53 
,,,,,,1738,Emilee,25-02-2005,eye liner,41, $124.99 
,,,,,,1739,Jen,14-02-2005,foundation,59, $178.84 
,,,,,,1740,Jen,05-10-2004,mascara,29, $89.26 
,,,,,,1741,Ashley,17-02-2004,mascara,43, $130.30 
,,,,,,1742,Cici,19-04-2006,lip gloss,75, $227.52 
,,,,,,1743,Betsy,22-08-2004,mascara,40, $121.71 
,,,,,,1744,Cici,18-11-2004,mascara,78, $235.89 
,,,,,,1745,Zaret,19-03-2005,eye liner,38, $115.80 
,,,,,,1746,Emilee,04-06-2005,mascara,-3, $(6.35)
,,,,,,1747,Hallagan,23-04-2004,foundation,34, $103.90 
,,,,,,1748,Ashley,04-05-2004,eye liner,85, $256.45 
,,,,,,1749,Cristina,16-11-2005,foundation,70, $212.03 
,,,,,,1750,Emilee,03-11-2006,eye liner,86, $259.76 
,,,,,,1751,Cici,17-12-2006,foundation,47, $142.93 
,,,,,,1752,Colleen,13-06-2006,lipstick,20, $62.60 
,,,,,,1753,Jen,15-05-2004,mascara,33, $101.42 
,,,,,,1754,Cristina,07-11-2004,mascara,-10, $(27.87)
,,,,,,1755,Cici,06-12-2006,lip gloss,40, $122.40 
,,,,,,1756,Emilee,20-07-2004,foundation,13, $40.44 
,,,,,,1757,Ashley,29-08-2006,lip gloss,20, $62.16 
,,,,,,1758,Emilee,28-02-2004,eye liner,22, $68.78 
,,,,,,1759,Zaret,11-09-2005,foundation,91, $275.56 
,,,,,,1760,Betsy,11-05-2006,lip gloss,17, $53.54 
,,,,,,1761,Zaret,07-11-2004,lip gloss,77, $232.78 
,,,,,,1762,Cristina,06-12-2006,mascara,8, $25.17 
,,,,,,1763,Ashley,20-08-2005,eye liner,-1, $(0.69)
,,,,,,1764,Hallagan,04-06-2005,lip gloss,52, $158.07 
,,,,,,1765,Cici,31-08-2005,mascara,50, $152.60 
,,,,,,1766,Cici,24-06-2006,foundation,69, $209.27 
,,,,,,1767,Emilee,02-06-2006,mascara,-10, $(28.43)
,,,,,,1768,Zaret,13-09-2004,foundation,-10, $(27.79)
,,,,,,1769,Jen,25-10-2005,mascara,90, $272.47 
,,,,,,1770,Ashley,14-11-2006,foundation,-4, $(9.80)
,,,,,,1771,Betsy,18-08-2006,lip gloss,14, $44.07 
,,,,,,1772,Emilee,19-12-2005,lip gloss,13, $41.65 
,,,,,,1773,Colleen,20-07-2004,foundation,-10, $(27.45)
,,,,,,1774,Cici,14-02-2005,foundation,81, $244.96 
,,,,,,1775,Betsy,01-01-2005,foundation,91, $274.02 
,,,,,,1776,Cristina,21-12-2004,lip gloss,7, $23.10 
,,,,,,1777,Betsy,19-12-2005,eye liner,95, $286.41 
,,,,,,1778,Colleen,17-03-2006,mascara,7, $23.46 
,,,,,,1779,Emilee,10-04-2005,mascara,9, $29.50 
,,,,,,1780,Emilee,04-05-2004,foundation,16, $50.32 
,,,,,,1781,Ashley,25-02-2005,lip gloss,37, $112.64 
,,,,,,1782,Cici,01-10-2006,lip gloss,38, $115.87 
,,,,,,1783,Betsy,20-09-2006,lipstick,43, $130.38 
,,,,,,1784,Cici,05-07-2006,mascara,-5, $(12.65)
,,,,,,1785,Emilee,14-11-2006,eye liner,9, $28.95 
,,,,,,1786,Betsy,10-01-2006,lip gloss,-9, $(24.65)
,,,,,,1787,Jen,31-08-2005,lipstick,24, $74.61 
,,,,,,1788,Cici,04-05-2004,lip gloss,30, $91.37 
,,,,,,1789,Cristina,08-12-2005,lip gloss,83, $250.85 
,,,,,,1790,Emilee,21-03-2004,lip gloss,90, $271.87 
,,,,,,1791,Colleen,30-03-2005,eye liner,82, $248.23 
,,,,,,1792,Hallagan,25-10-2005,eye liner,51, $155.23 
,,,,,,1793,Cici,04-01-2004,lip gloss,66, $200.13 
,,,,,,1794,Emilee,30-12-2005,mascara,29, $89.02 
,,,,,,1795,Ashley,03-10-2005,lip gloss,93, $280.87 
,,,,,,1796,Jen,12-10-2006,eye liner,-3, $(6.54)
,,,,,,1797,Ashley,09-09-2006,lip gloss,-2, $(3.64)
,,,,,,1798,Cristina,05-10-2004,lipstick,79, $239.25 
,,,,,,1799,Betsy,28-12-2006,lip gloss,31, $94.72 
,,,,,,1800,Hallagan,13-05-2005,foundation,46, $140.22 
,,,,,,1801,Emilee,28-12-2006,foundation,93, $281.79 
,,,,,,1802,Emilee,10-03-2004,lip gloss,82, $247.02 
,,,,,,1803,Cici,06-12-2006,lipstick,87, $263.72 
,,,,,,1804,Ashley,10-12-2004,foundation,62, $187.57 
,,,,,,1805,Cristina,21-12-2004,foundation,31, $94.57 
,,,,,,1806,Ashley,11-08-2004,mascara,43, $131.33 
,,,,,,1807,Cristina,07-11-2004,lip gloss,78, $236.44 
,,,,,,1808,Cristina,31-07-2004,lip gloss,-1, $(0.44)
,,,,,,1809,Zaret,10-03-2004,lipstick,5, $17.47 
,,,,,,1810,Cristina,22-05-2006,lipstick,30, $92.31 
,,,,,,1811,Hallagan,19-04-2006,eye liner,65, $197.18 
,,,,,,1812,Cici,11-05-2006,mascara,14, $43.80 
,,,,,,1813,Cici,27-11-2005,foundation,10, $31.26 
,,,,,,1814,Betsy,10-03-2004,lipstick,31, $94.73 
,,,,,,1815,Betsy,19-04-2006,mascara,25, $77.10 
,,,,,,1816,Betsy,19-03-2005,lipstick,11, $35.30 
,,,,,,1817,Betsy,15-01-2004,foundation,62, $187.51 
,,,,,,1818,Ashley,26-01-2004,foundation,4, $14.19 
,,,,,,1819,Zaret,09-09-2006,eye liner,4, $13.71 
,,,,,,1820,Cristina,27-11-2005,lip gloss,71, $215.12 
,,,,,,1821,Jen,22-05-2006,lipstick,67, $203.18 
,,,,,,1822,Emilee,21-04-2005,lip gloss,19, $59.45 
,,,,,,1823,Cici,26-06-2005,lip gloss,12, $37.63 
,,,,,,1824,Zaret,24-06-2006,lip gloss,50, $151.67 
,,,,,,1825,Betsy,12-02-2006,lipstick,73, $221.23 
,,,,,,1826,Cici,18-08-2006,lipstick,30, $91.69 
,,,,,,1827,Ashley,13-09-2004,mascara,19, $59.10 
,,,,,,1828,Jen,04-06-2005,eye liner,48, $145.22 
,,,,,,1829,Hallagan,22-05-2006,mascara,-8, $(21.60)
,,,,,,1830,Cici,18-08-2006,lip gloss,-8, $(22.14)
,,,,,,1831,Cici,30-03-2005,lip gloss,28, $85.91 
,,,,,,1832,Zaret,22-09-2005,mascara,81, $245.21 
,,,,,,1833,Zaret,12-01-2005,lip gloss,12, $37.99 
,,,,,,1834,Zaret,06-03-2006,eye liner,54, $164.03 
,,,,,,1835,Zaret,24-05-2005,foundation,70, $212.31 
,,,,,,1836,Zaret,09-08-2005,eye liner,89, $269.07 
,,,,,,1837,Cristina,11-09-2005,foundation,10, $32.27 
,,,,,,1838,Betsy,04-01-2004,foundation,52, $158.18 
,,,,,,1839,Cristina,07-07-2005,mascara,85, $257.82 
,,,,,,1840,Ashley,26-06-2005,foundation,31, $93.98 
,,,,,,1841,Emilee,17-03-2006,mascara,36, $110.03 
,,,,,,1842,Colleen,12-04-2004,lip gloss,80, $241.83 
,,,,,,1843,Colleen,29-07-2005,mascara,27, $82.46 
,,,,,,1844,Cristina,04-05-2004,foundation,46, $140.39 
,,,,,,1845,Cristina,20-07-2004,foundation,29, $89.58 
,,,,,,1846,Jen,12-02-2006,lip gloss,55, $167.04 
,,,,,,1847,Emilee,13-09-2004,mascara,2, $7.32 
,,,,,,1848,Betsy,24-06-2006,foundation,60, $182.39 
,,,,,,1849,Zaret,29-07-2005,lip gloss,12, $37.85 
,,,,,,1850,Jen,15-05-2004,mascara,52, $157.88 
,,,,,,1851,Ashley,23-04-2004,lip gloss,37, $113.27 
,,,,,,1852,Ashley,24-09-2004,lipstick,36, $110.52 
,,,,,,1853,Cici,23-04-2004,lip gloss,87, $262.81 
,,,,,,1854,Cristina,01-02-2006,mascara,16, $50.28 
,,,,,,1855,Emilee,18-07-2005,lip gloss,50, $152.13 
,,,,,,1856,Hallagan,01-02-2006,mascara,53, $160.63 
,,,,,,1857,Cici,26-05-2004,foundation,61, $184.76 
,,,,,,1858,Ashley,07-07-2005,foundation,95, $286.83 
,,,,,,1859,Colleen,22-08-2004,lipstick,-6, $(16.59)
,,,,,,1860,Emilee,11-08-2004,lip gloss,-9, $(24.76)
,,,,,,1861,Cristina,17-03-2006,eye liner,74, $223.83 
,,,,,,1862,Hallagan,08-12-2005,lip gloss,18, $55.52 
,,,,,,1863,Zaret,06-03-2006,eye liner,73, $220.67 
,,,,,,1864,Emilee,10-12-2004,eye liner,62, $188.43 
,,,,,,1865,Colleen,05-07-2006,foundation,-2, $(3.59)
,,,,,,1866,Cristina,01-10-2006,foundation,-7, $(18.94)
,,,,,,1867,Cristina,18-08-2006,mascara,73, $220.77 
,,,,,,1868,Hallagan,10-04-2005,eye liner,24, $73.59 
,,,,,,1869,Betsy,03-10-2005,lipstick,18, $56.08 
,,,,,,1870,Hallagan,25-11-2006,mascara,49, $149.40 
,,,,,,1871,Cici,01-01-2005,mascara,21, $64.68 
,,,,,,1872,Colleen,15-05-2004,foundation,2, $7.99 
,,,,,,1873,Cici,18-11-2004,foundation,83, $250.88 
,,,,,,1874,Colleen,01-01-2005,lip gloss,63, $191.15 
,,,,,,1875,Cristina,28-02-2004,lipstick,54, $163.87 
,,,,,,1876,Colleen,13-09-2004,lip gloss,19, $59.72 
,,,,,,1877,Cici,13-09-2004,eye liner,66, $199.36 
,,,,,,1878,Betsy,26-05-2004,lip gloss,60, $182.28 
,,,,,,1879,Ashley,18-08-2006,eye liner,90, $271.85 
,,,,,,1880,Emilee,17-12-2006,lip gloss,59, $178.65 
,,,,,,1881,Emilee,03-10-2005,foundation,0, $2.66 
,,,,,,1882,Jen,21-03-2004,foundation,72, $217.90 
,,,,,,1883,Betsy,20-07-2004,lip gloss,-6, $(15.74)
,,,,,,1884,Hallagan,22-05-2006,lip gloss,89, $269.40 
,,,,,,1885,Ashley,11-05-2006,lip gloss,12, $37.84 
,,,,,,1886,Cristina,09-08-2005,mascara,89, $269.15 
,,,,,,1887,Zaret,21-04-2005,lip gloss,61, $185.31 
,,,,,,1888,Colleen,18-07-2005,eye liner,24, $73.81 
,,,,,,1889,Emilee,25-11-2006,eye liner,76, $229.92 
,,,,,,1890,Cici,15-06-2005,foundation,16, $49.75 
,,,,,,1891,Betsy,10-04-2005,foundation,39, $119.19 
,,,,,,1892,Cici,23-02-2006,mascara,92, $278.43 
,,,,,,1893,Cici,31-07-2004,foundation,20, $61.92 
,,,,,,1894,Colleen,15-05-2004,lip gloss,60, $181.87 
,,,,,,1895,Emilee,27-11-2005,eye liner,15, $47.16 
,,,,,,1896,Ashley,14-02-2005,foundation,36, $109.84 
,,,,,,1897,Colleen,05-11-2005,lip gloss,46, $140.41 
,,,,,,1898,Zaret,15-01-2004,lipstick,72, $217.84 
,,,,,,1899,Hallagan,03-11-2006,eye liner,28, $85.66 
,,,,,,1900,Cristina,13-06-2006,eye liner,54, $164.49 
